time,F_hydro_N,F_drag_N,F_total_N,M_overturn_Nm,H_net_m,H_wet_m,v_m_per_s,lever_hydro_m,lever_drag_m
0.0,0.0,0.0,0.0,0.0,0.0,0.0,0.2,0.0,0.0
60.0,0.0,0.0,0.0,0.0,0.0,0.0,0.21000000000000002,0.0,0.0
120.0,0.0,0.0,0.0,0.0,0.0,0.0,0.22,0.0,0.0
180.0,0.0,0.0,0.0,0.0,0.0,0.0,0.23,0.0,0.0
240.0,0.0,0.0,0.0,0.0,0.0,0.0,0.24000000000000002,0.0,0.0
300.0,0.0,0.0,0.0,0.0,0.0,0.0,0.25,0.0,0.0
360.0,0.0,0.8112000000000001,0.8112000000000001,0.0008112000000000002,0.0,0.002,0.26,0.0,0.001
420.0,0.0,1.7496000000000003,1.7496000000000003,0.0034992000000000005,0.0,0.004,0.27,0.0,0.002
480.0,0.0,2.8224000000000005,2.8224000000000005,0.008467200000000001,0.0,0.006,0.28,0.0,0.003
540.0,0.0,4.036800000000001,4.036800000000001,0.016147200000000004,0.0,0.008,0.29000000000000004,0.0,0.004
600.0,0.0,5.400000000000001,5.400000000000001,0.027000000000000007,0.0,0.01,0.30000000000000004,0.0,0.005
660.0,0.0,6.919200000000002,6.919200000000002,0.04151520000000001,0.0,0.012,0.31,0.0,0.006
720.0,0.0,8.601600000000001,8.601600000000001,0.06021120000000001,0.0,0.014,0.32,0.0,0.007
780.0,0.0,10.454400000000001,10.454400000000001,0.0836352,0.0,0.016,0.33,0.0,0.008
840.0,0.0,12.484800000000003,12.484800000000003,0.11236320000000004,0.0,0.018000000000000002,0.34,0.0,0.009000000000000001
900.0,0.0,14.699999999999998,14.699999999999998,0.147,0.0,0.02,0.35,0.0,0.01
960.0,0.0,17.1072,17.1072,0.18817919999999996,0.0,0.022,0.36,0.0,0.011
1020.0,0.0,19.713600000000003,19.713600000000003,0.23656320000000003,0.0,0.024,0.37,0.0,0.012
1080.0,0.0,22.526400000000002,22.526400000000002,0.2928432,0.0,0.026,0.38,0.0,0.013
1140.0,0.0,25.5528,25.5528,0.3577392,0.0,0.027999999999999997,0.39,0.0,0.013999999999999999
1200.0,0.0,28.800000000000004,28.800000000000004,0.43200000000000005,0.0,0.03,0.4,0.0,0.015
1260.0,0.0,32.275200000000005,32.275200000000005,0.5164032000000001,0.0,0.032,0.41000000000000003,0.0,0.016
1320.0,0.0,35.98560000000001,35.98560000000001,0.6117552000000003,0.0,0.034,0.42000000000000004,0.0,0.017
1380.0,0.0,39.9384,39.9384,0.7188912,0.0,0.036,0.43000000000000005,0.0,0.018
1440.0,0.0,44.14079999999999,44.14079999999999,0.8386751999999998,0.0,0.038,0.44,0.0,0.019
1500.0,0.0,48.6,48.6,0.9720000000000001,0.0,0.04,0.45,0.0,0.02
1560.0,0.0,53.32320000000001,53.32320000000001,1.1197872000000002,0.0,0.042,0.46,0.0,0.021
1620.0,0.0,58.31760000000001,58.31760000000001,1.2829872000000004,0.0,0.044000000000000004,0.47000000000000003,0.0,0.022000000000000002
1680.0,0.0,63.590400000000024,63.590400000000024,1.4625792000000004,0.0,0.046,0.48000000000000004,0.0,0.023
1740.0,0.0,69.1488,69.1488,1.6595711999999998,0.0,0.048,0.49,0.0,0.024
1800.0,0.0,75.00000000000001,75.00000000000001,1.8750000000000004,0.0,0.05,0.5,0.0,0.025
1860.0,0.0,84.27240000000002,84.27240000000002,2.2753548000000006,0.0,0.054000000000000006,0.51,0.0,0.027000000000000003
1920.0,0.0,94.09920000000002,94.09920000000002,2.728876800000001,0.0,0.058,0.52,0.0,0.029
1980.0,0.0,104.49480000000003,104.49480000000003,3.239338800000001,0.0,0.062000000000000006,0.53,0.0,0.031000000000000003
2040.0,0.0,115.47360000000002,115.47360000000002,3.810628800000001,0.0,0.066,0.54,0.0,0.033
2100.0,0.0,127.05000000000004,127.05000000000004,4.4467500000000015,0.0,0.07,0.55,0.0,0.035
2160.0,0.0,135.47520000000003,135.47520000000003,4.877107200000002,0.0,0.07200000000000001,0.56,0.0,0.036000000000000004
2220.0,0.0,144.25560000000007,144.25560000000007,5.337457200000004,0.0,0.07400000000000001,0.5700000000000001,0.0,0.037000000000000005
2280.0,0.0,153.39840000000004,153.39840000000004,5.829139200000001,0.0,0.076,0.5800000000000001,0.0,0.038
2340.0,0.0,162.91080000000002,162.91080000000002,6.353521200000001,0.0,0.078,0.5900000000000001,0.0,0.039
2400.0,0.0,172.80000000000004,172.80000000000004,6.912000000000002,0.0,0.08,0.6000000000000001,0.0,0.04
2460.0,0.0,183.07319999999999,183.07319999999999,7.5060012,0.0,0.082,0.61,0.0,0.041
2520.0,0.0,193.73760000000001,193.73760000000001,8.1369792,0.0,0.084,0.62,0.0,0.042
2580.0,0.0,204.80040000000002,204.80040000000002,8.8064172,0.0,0.086,0.63,0.0,0.043
2640.0,0.0,216.26880000000003,216.26880000000003,9.5158272,0.0,0.088,0.64,0.0,0.044
2700.0,0.0,228.15000000000003,228.15000000000003,10.266750000000002,0.0,0.09,0.65,0.0,0.045
2760.0,0.0,245.67840000000004,245.67840000000004,11.546884800000003,0.0,0.094,0.66,0.0,0.047
2820.0,0.0,263.9532,263.9532,12.9337068,0.0,0.098,0.6699999999999999,0.0,0.049
2880.0,0.0,282.98879999999997,282.98879999999997,14.432428799999997,0.0,0.102,0.6799999999999999,0.0,0.051
2940.0,0.0,302.79959999999994,302.79959999999994,16.048378799999995,0.0,0.106,0.69,0.0,0.053
3000.0,0.0,323.4,323.4,17.787,0.0,0.11,0.7,0.0,0.055
3060.0,0.0,344.8044,344.8044,19.6538508,0.0,0.114,0.71,0.0,0.057
3120.0,0.0,367.02720000000005,367.02720000000005,21.654604800000005,0.0,0.11800000000000001,0.72,0.0,0.059000000000000004
3180.0,0.0,390.08279999999996,390.08279999999996,23.7950508,0.0,0.122,0.73,0.0,0.061
3240.0,0.0,413.98560000000003,413.98560000000003,26.081092800000004,0.0,0.126,0.74,0.0,0.063
3300.0,0.0,438.75,438.75,28.51875,0.0,0.13,0.75,0.0,0.065
3360.0,0.0,464.39040000000006,464.39040000000006,31.114156800000007,0.0,0.134,0.76,0.0,0.067
3420.0,0.0,490.9212,490.9212,33.8735628,0.0,0.138,0.77,0.0,0.069
3480.0,0.0,518.3568,518.3568,36.8033328,0.0,0.142,0.78,0.0,0.071
3540.0,0.0,546.7116000000001,546.7116000000001,39.90994680000001,0.0,0.146,0.79,0.0,0.073
3600.0,0.0,576.0,576.0,43.199999999999996,0.0,0.15,0.8,0.0,0.075
3660.0,0.0,606.2364000000001,606.2364000000001,46.68020280000001,0.0,0.154,0.81,0.0,0.077
3720.0,0.0,637.4352,637.4352,50.3573808,0.0,0.158,0.8200000000000001,0.0,0.079
3780.0,0.0,669.6108,669.6108,54.238474800000006,0.0,0.162,0.8300000000000001,0.0,0.081
3840.0,0.0,702.7776000000001,702.7776000000001,58.330540800000016,0.0,0.166,0.8400000000000001,0.0,0.083
3900.0,0.0,736.9500000000002,736.9500000000002,62.64075000000002,0.0,0.17,0.8500000000000001,0.0,0.085
3960.0,0.0,772.1424000000002,772.1424000000002,67.17638880000003,0.0,0.17400000000000002,0.8600000000000001,0.0,0.08700000000000001
4020.0,0.0,808.3692000000003,808.3692000000003,71.94485880000003,0.0,0.17800000000000002,0.8700000000000001,0.0,0.08900000000000001
4080.0,0.0,845.6448000000003,845.6448000000003,76.95367680000003,0.0,0.182,0.8800000000000001,0.0,0.091
4140.0,0.0,883.9835999999998,883.9835999999998,82.21047479999999,0.0,0.186,0.8899999999999999,0.0,0.093
4200.0,0.0,923.4,923.4,87.723,0.0,0.19,0.8999999999999999,0.0,0.095
4260.0,0.0,973.8455999999999,973.8455999999999,95.43686879999998,0.0,0.196,0.9099999999999999,0.0,0.098
4320.0,0.0,1025.8368,1025.8368,103.60951680000001,0.0,0.202,0.9199999999999999,0.0,0.101
4380.0,0.0,1079.3952,1079.3952,112.25710079999999,0.0,0.208,0.9299999999999999,0.0,0.104
4440.0,0.0,1134.5423999999998,1134.5423999999998,121.39603679999998,0.0,0.214,0.94,0.0,0.107
4500.0,0.0,1191.3,1191.3,131.043,0.0,0.22,0.95,0.0,0.11
4560.0,0.0,1238.6304,1238.6304,138.7266048,0.0,0.224,0.96,0.0,0.112
4620.0,0.0,1287.1512,1287.1512,146.7352368,0.0,0.228,0.97,0.0,0.114
4680.0,0.0,1336.8767999999998,1336.8767999999998,155.07770879999995,0.0,0.23199999999999998,0.98,0.0,0.11599999999999999
4740.0,0.0,1387.8216,1387.8216,163.7629488,0.0,0.236,0.99,0.0,0.118
4800.0,0.0,1440.0,1440.0,172.79999999999998,0.0,0.24,1.0,0.0,0.12
4860.0,0.0,1505.6676,1505.6676,185.1971148,0.0,0.246,1.01,0.0,0.123
4920.0,0.0,1573.0848,1573.0848,198.20868480000001,0.0,0.252,1.02,0.0,0.126
4980.0,0.0,1642.2731999999999,1642.2731999999999,211.85324279999998,0.0,0.258,1.03,0.0,0.129
5040.0,0.0,1713.2544000000003,1713.2544000000003,226.14958080000005,0.0,0.264,1.04,0.0,0.132
5100.0,0.0,1786.0500000000002,1786.0500000000002,241.11675000000005,0.0,0.27,1.05,0.0,0.135
5160.0,0.0,1847.1984000000004,1847.1984000000004,253.06618080000007,0.0,0.274,1.06,0.0,0.137
5220.0,0.0,1909.6932000000004,1909.6932000000004,265.4473548000001,0.0,0.278,1.07,0.0,0.139
5280.0,0.0,1973.5487999999998,1973.5487999999998,278.27038079999994,0.0,0.282,1.08,0.0,0.141
5340.0,0.0,2038.7795999999998,2038.7795999999998,291.54548279999995,0.0,0.286,1.09,0.0,0.143
5400.0,0.0,2105.4,2105.4,305.283,0.0,0.29,1.1,0.0,0.145
5460.0,0.0,2188.2096,2188.2096,323.8550208,0.0,0.296,1.11,0.0,0.148
5520.0,0.0,2272.9728,2272.9728,343.2188928,0.0,0.302,1.12,0.0,0.151
5580.0,0.0,2359.7112,2359.7112,363.39552480000003,0.0,0.308,1.1300000000000001,0.0,0.154
5640.0,0.0,2448.4464,2448.4464,384.4060848,0.0,0.314,1.14,0.0,0.157
5700.0,0.0,2539.1999999999994,2539.1999999999994,406.27199999999993,0.0,0.32,1.15,0.0,0.16
5760.0,0.0,2631.9936,2631.9936,429.0149568,0.0,0.326,1.16,0.0,0.163
5820.0,0.0,2726.8487999999998,2726.8487999999998,452.65690079999996,0.0,0.332,1.17,0.0,0.166
5880.0,0.0,2823.7871999999993,2823.7871999999993,477.22003679999983,0.0,0.33799999999999997,1.18,0.0,0.16899999999999998
5940.0,0.0,2922.8304,2922.8304,502.7268287999999,0.0,0.344,1.19,0.0,0.172
6000.0,0.0,3023.9999999999995,3023.9999999999995,529.1999999999999,0.0,0.35,1.2,0.0,0.175
6060.0,0.0,3101.5253999999995,3101.5253999999995,552.0715211999999,0.0,0.356,1.2049999999999998,0.0,0.178
6120.0,0.0,3180.0251999999996,3180.0251999999996,575.5845611999999,0.0,0.362,1.21,0.0,0.181
6180.0,0.0,3259.5047999999997,3259.5047999999997,599.7488831999999,0.0,0.368,1.2149999999999999,0.0,0.184
6240.0,0.0,3339.9695999999994,3339.9695999999994,624.5743151999999,0.0,0.374,1.22,0.0,0.187
6300.0,0.0,3421.4249999999993,3421.4249999999993,650.0707499999999,0.0,0.38,1.2249999999999999,0.0,0.19
6360.0,0.0,3522.0312,3522.0312,683.2740528,0.0,0.388,1.23,0.0,0.194
6420.0,0.0,3623.9345999999996,3623.9345999999996,717.5390507999999,0.0,0.396,1.2349999999999999,0.0,0.198
6480.0,0.0,3727.1424,3727.1424,752.8827648,0.0,0.40399999999999997,1.24,0.0,0.20199999999999999
6540.0,0.0,3831.6617999999994,3831.6617999999994,789.3223307999998,0.0,0.412,1.2449999999999999,0.0,0.206
6600.0,0.0,3937.5,3937.5,826.875,0.0,0.42,1.25,0.0,0.21
6660.0,0.0,4025.763899999999,4025.763899999999,857.4877106999998,0.0,0.426,1.255,0.0,0.213
6720.0,0.0,4115.059200000001,4115.059200000001,888.8527872000001,0.0,0.432,1.26,0.0,0.216
6780.0,0.0,4205.391299999999,4205.391299999999,920.9806946999998,0.0,0.438,1.265,0.0,0.219
6840.0,0.0,4296.765600000001,4296.765600000001,953.8819632000002,0.0,0.444,1.27,0.0,0.222
6900.0,0.0,4389.1875,4389.1875,987.5671875,0.0,0.45,1.275,0.0,0.225
6960.0,0.0,4482.6624,4482.6624,1022.0470272000001,0.0,0.456,1.28,0.0,0.228
7020.0,0.0,4577.195699999999,4577.195699999999,1057.3322067,0.0,0.462,1.285,0.0,0.231
7080.0,0.0,4672.7928,4672.7928,1093.4335151999999,0.0,0.46799999999999997,1.29,0.0,0.23399999999999999
7140.0,0.0,4769.459099999999,4769.459099999999,1130.3618066999998,0.0,0.474,1.295,0.0,0.237
7200.0,0.0,4867.200000000001,4867.200000000001,1168.1280000000002,0.0,0.48,1.3,0.0,0.24
7260.0,0.0,4986.4572,4986.4572,1216.6955567999998,0.0,0.488,1.305,0.0,0.244
7320.0,0.0,5107.113600000001,5107.113600000001,1266.5641728,0.0,0.496,1.31,0.0,0.248
7380.0,0.0,5229.176399999999,5229.176399999999,1317.7524528,0.0,0.504,1.315,0.0,0.252
7440.0,0.0,5352.652799999998,5352.652799999998,1370.2791167999994,0.0,0.512,1.3199999999999998,0.0,0.256
7500.0,0.0,5477.55,5477.55,1424.163,0.0,0.52,1.325,0.0,0.26
7560.0,0.0,5582.648400000001,5582.648400000001,1468.2365292000004,0.0,0.526,1.33,0.0,0.263
7620.0,0.0,5688.8622,5688.8622,1513.2373452,0.0,0.532,1.335,0.0,0.266
7680.0,0.0,5796.1968,5796.1968,1559.1769392,0.0,0.538,1.3399999999999999,0.0,0.269
7740.0,0.0,5904.6576,5904.6576,1606.0668672,0.0,0.544,1.345,0.0,0.272
7800.0,0.0,6014.249999999999,6014.249999999999,1653.9187499999998,0.0,0.55,1.3499999999999999,0.0,0.275
7860.0,0.0,6147.011700000001,6147.011700000001,1715.0162643000003,0.0,0.558,1.355,0.0,0.279
7920.0,0.0,6281.241599999999,6281.241599999999,1777.5913728,0.0,0.5660000000000001,1.3599999999999999,0.0,0.28300000000000003
7980.0,0.0,6416.9469,6416.9469,1841.6637603,0.0,0.574,1.365,0.0,0.287
8040.0,0.0,6554.1348,6554.1348,1907.2532267999998,0.0,0.582,1.3699999999999999,0.0,0.291
8100.0,0.0,6692.8125,6692.8125,1974.3796874999998,0.0,0.59,1.375,0.0,0.295
8160.0,0.0,6832.987199999999,6832.987199999999,2043.0631727999996,0.0,0.598,1.38,0.0,0.299
8220.0,0.0,6974.6661,6974.6661,2113.3238283,0.0,0.606,1.385,0.0,0.303
8280.0,0.0,7117.856399999999,7117.856399999999,2185.1819147999995,0.0,0.614,1.39,0.0,0.307
8340.0,0.0,7262.565300000001,7262.565300000001,2258.6578083000004,0.0,0.622,1.395,0.0,0.311
8400.0,0.0,7408.799999999999,7408.799999999999,2333.772,0.0,0.63,1.4,0.0,0.315
8460.0,0.0,7556.5677000000005,7556.5677000000005,2410.5450963000003,0.0,0.638,1.405,0.0,0.319
8520.0,0.0,7705.875599999999,7705.875599999999,2488.9978188,0.0,0.646,1.41,0.0,0.323
8580.0,0.0,7856.730900000001,7856.730900000001,2569.1510043000007,0.0,0.654,1.415,0.0,0.327
8640.0,0.0,8009.1408,8009.1408,2651.0256048,0.0,0.662,1.42,0.0,0.331
8700.0,0.0,8163.112500000002,8163.112500000002,2734.6426875000006,0.0,0.67,1.425,0.0,0.335
8760.0,0.0,8318.653199999999,8318.653199999999,2820.0234348,0.0,0.678,1.43,0.0,0.339
8820.0,0.0,8475.770100000002,8475.770100000002,2907.189144300001,0.0,0.686,1.435,0.0,0.343
8880.0,0.0,8634.470399999998,8634.470399999998,2996.161228799999,0.0,0.694,1.44,0.0,0.347
8940.0,0.0,8794.761299999998,8794.761299999998,3086.9612162999993,0.0,0.702,1.4449999999999998,0.0,0.351
9000.0,0.0,8956.65,8956.65,3179.61075,0.0,0.71,1.45,0.0,0.355
9060.0,0.0,9120.143700000002,9120.143700000002,3274.1315883000007,0.0,0.718,1.455,0.0,0.359
9120.0,0.0,9285.2496,9285.2496,3370.5456047999996,0.0,0.726,1.46,0.0,0.363
9180.0,0.0,9451.974899999997,9451.974899999997,3468.874788299999,0.0,0.734,1.4649999999999999,0.0,0.367
9240.0,0.0,9620.326799999999,9620.326799999999,3569.1412427999994,0.0,0.742,1.47,0.0,0.371
9300.0,0.0,9790.3125,9790.3125,3671.3671875,0.0,0.75,1.475,0.0,0.375
9360.0,0.0,9935.6544,9935.6544,3755.6773632,0.0,0.756,1.48,0.0,0.378
9420.0,0.0,10082.288699999997,10082.288699999997,3841.351994699999,0.0,0.762,1.4849999999999999,0.0,0.381
9480.0,0.0,10230.220800000001,10230.220800000001,3928.4047872000006,0.0,0.768,1.49,0.0,0.384
9540.0,0.0,10379.4561,10379.4561,4016.8495107,0.0,0.774,1.4949999999999999,0.0,0.387
9600.0,0.0,10530.0,10530.0,4106.7,0.0,0.78,1.5,0.0,0.39
9660.0,0.0,10627.497299999999,10627.497299999999,4155.3514442999995,0.0,0.782,1.505,0.0,0.391
9720.0,0.0,10725.590400000001,10725.590400000001,4204.4314368000005,0.0,0.784,1.51,0.0,0.392
9780.0,0.0,10824.2811,10824.2811,4253.9424723,0.0,0.786,1.515,0.0,0.393
9840.0,0.0,10923.5712,10923.5712,4303.887052800001,0.0,0.788,1.52,0.0,0.394
9900.0,0.0,11023.462499999998,11023.462499999998,4354.2676875,0.0,0.79,1.525,0.0,0.395
9960.0,0.0,11123.956800000002,11123.956800000002,4405.086892800001,0.0,0.792,1.53,0.0,0.396
10020.0,0.0,11225.0559,11225.0559,4456.3471923,0.0,0.794,1.535,0.0,0.397
10080.0,0.0,11326.7616,11326.7616,4508.0511168,0.0,0.796,1.54,0.0,0.398
10140.0,0.0,11429.075700000001,11429.075700000001,4560.2012043,0.0,0.798,1.545,0.0,0.399
10200.0,0.0,11532.0,11532.0,4612.8,0.0,0.8,1.5499999999999998,0.0,0.4
10260.0,0.0,11606.52,11606.52,4642.608,0.0,0.8,1.555,0.0,0.4
10320.0,0.0,11681.280000000004,11681.280000000004,4672.5120000000015,0.0,0.8,1.56,0.0,0.4
10380.0,0.0,11756.28,11756.28,4702.512000000001,0.0,0.8,1.565,0.0,0.4
10440.0,0.0,11831.52,11831.52,4732.608,0.0,0.8,1.5699999999999998,0.0,0.4
10500.0,0.0,11907.000000000002,11907.000000000002,4762.800000000001,0.0,0.8,1.575,0.0,0.4
10560.0,0.0,11982.720000000005,11982.720000000005,4793.0880000000025,0.0,0.8,1.58,0.0,0.4
10620.0,0.0,12058.680000000002,12058.680000000002,4823.472000000001,0.0,0.8,1.585,0.0,0.4
10680.0,0.0,12134.88,12134.88,4853.952,0.0,0.8,1.5899999999999999,0.0,0.4
10740.0,0.0,12211.320000000002,12211.320000000002,4884.528000000001,0.0,0.8,1.595,0.0,0.4
10800.0,0.0,12288.000000000004,12288.000000000004,4915.200000000002,0.0,0.8,1.6,0.0,0.4
10860.0,0.0,12241.270800000002,12241.270800000002,4847.543236800001,0.0,0.792,1.605,0.0,0.396
10920.0,0.0,12193.238399999998,12193.238399999998,4779.7494528,0.0,0.784,1.6099999999999999,0.0,0.392
10980.0,0.0,12143.895600000002,12143.895600000002,4711.831492800001,0.0,0.776,1.615,0.0,0.388
11040.0,0.0,12093.2352,12093.2352,4643.8023168,0.0,0.768,1.6199999999999999,0.0,0.384
11100.0,0.0,12041.250000000002,12041.250000000002,4575.675000000001,0.0,0.76,1.625,0.0,0.38
11160.0,0.0,12019.815599999998,12019.815599999998,4531.470481199999,0.0,0.754,1.63,0.0,0.377
11220.0,0.0,11997.433799999999,11997.433799999999,4487.040241199999,0.0,0.748,1.635,0.0,0.374
11280.0,0.0,11974.099199999997,11974.099199999997,4442.390803199999,0.0,0.742,1.64,0.0,0.371
11340.0,0.0,11949.806400000001,11949.806400000001,4397.5287552,0.0,0.736,1.645,0.0,0.368
11400.0,0.0,11924.549999999997,11924.549999999997,4352.460749999999,0.0,0.73,1.65,0.0,0.365
11460.0,0.0,11865.4563,11865.4563,4283.4297243,0.0,0.722,1.655,0.0,0.361
11520.0,0.0,11804.990399999999,11804.990399999999,4214.381572799999,0.0,0.714,1.66,0.0,0.357
11580.0,0.0,11743.145100000002,11743.145100000002,4145.3302203,0.0,0.706,1.665,0.0,0.353
11640.0,0.0,11679.913199999999,11679.913199999999,4076.2897067999993,0.0,0.698,1.67,0.0,0.349
11700.0,0.0,11615.287499999997,11615.287499999997,4007.2741874999983,0.0,0.69,1.6749999999999998,0.0,0.345
11760.0,0.0,11549.260799999998,11549.260799999998,3938.297932799999,0.0,0.6819999999999999,1.68,0.0,0.34099999999999997
11820.0,0.0,11481.8259,11481.8259,3869.3753282999996,0.0,0.6739999999999999,1.685,0.0,0.33699999999999997
11880.0,0.0,11412.9756,11412.9756,3800.5208748,0.0,0.666,1.69,0.0,0.333
11940.0,0.0,11342.702699999998,11342.702699999998,3731.7491882999993,0.0,0.658,1.6949999999999998,0.0,0.329
12000.0,0.0,11271.0,11271.0,3663.0750000000003,0.0,0.65,1.7,0.0,0.325
12060.0,0.0,11204.428923000001,11204.428923000001,3596.6216842830004,0.0,0.642,1.7055,0.0,0.321
12120.0,0.0,11136.289884,11136.289884,3530.203893228,0.0,0.634,1.7109999999999999,0.0,0.317
12180.0,0.0,11066.574170999998,11066.574170999998,3463.8377155229996,0.0,0.626,1.7165,0.0,0.313
12240.0,0.0,10995.273072000002,10995.273072000002,3397.5393792480004,0.0,0.618,1.722,0.0,0.309
12300.0,0.0,10922.377875,10922.377875,3331.325251875,0.0,0.61,1.7275,0.0,0.305
12360.0,0.0,10883.919335999999,10883.919335999999,3286.9436394719996,0.0,0.604,1.7329999999999999,0.0,0.302
12420.0,0.0,10844.307513,10844.307513,3242.447946387,0.0,0.598,1.7385,0.0,0.299
12480.0,0.0,10803.535871999997,10803.535871999997,3197.846618111999,0.0,0.592,1.744,0.0,0.296
12540.0,0.0,10761.597879000003,10761.597879000003,3153.1481785470005,0.0,0.586,1.7495,0.0,0.293
12600.0,0.0,10718.486999999997,10718.486999999997,3108.361229999999,0.0,0.58,1.755,0.0,0.29
12660.0,0.0,10637.004377999998,10637.004377999998,3042.183252107999,0.0,0.572,1.7605,0.0,0.286
12720.0,0.0,10553.870303999998,10553.870303999998,2976.191425727999,0.0,0.564,1.766,0.0,0.282
12780.0,0.0,10469.076066000003,10469.076066000003,2910.403146348001,0.0,0.556,1.7715,0.0,0.278
12840.0,0.0,10382.612952,10382.612952,2844.835948848,0.0,0.548,1.777,0.0,0.274
12900.0,0.0,10294.47225,10294.47225,2779.5075075000004,0.0,0.54,1.7825,0.0,0.27
12960.0,0.0,10204.645248000003,10204.645248000003,2714.435635968001,0.0,0.532,1.788,0.0,0.266
13020.0,0.0,10113.123233999999,10113.123233999999,2649.6382873079997,0.0,0.524,1.7934999999999999,0.0,0.262
13080.0,0.0,10019.897496,10019.897496,2585.133553968,0.0,0.516,1.799,0.0,0.258
13140.0,0.0,9924.959322,9924.959322,2520.9396677880004,0.0,0.508,1.8045,0.0,0.254
13200.0,0.0,9828.3,9828.3,2457.075,0.0,0.5,1.81,0.0,0.25
13260.0,0.0,9729.910817999998,9729.910817999998,2393.5580612279996,0.0,0.492,1.8155,0.0,0.246
13320.0,0.0,9629.783064,9629.783064,2330.407501488,0.0,0.484,1.821,0.0,0.242
13380.0,0.0,9527.908026000003,9527.908026000003,2267.642110188001,0.0,0.47600000000000003,1.8265,0.0,0.23800000000000002
13440.0,0.0,9424.276992000001,9424.276992000001,2205.2808161280004,0.0,0.468,1.8319999999999999,0.0,0.234
13500.0,0.0,9318.88125,9318.88125,2143.3426875,0.0,0.46,1.8375,0.0,0.23
13560.0,0.0,9252.471876,9252.471876,2100.311115852,0.0,0.454,1.843,0.0,0.227
13620.0,0.0,9184.767648000001,9184.767648000001,2057.387953152,0.0,0.448,1.8485,0.0,0.224
13680.0,0.0,9115.762032,9115.762032,2014.5834090720002,0.0,0.442,1.854,0.0,0.221
13740.0,0.0,9045.448494,9045.448494,1971.907771692,0.0,0.436,1.8595,0.0,0.218
13800.0,0.0,8973.8205,8973.8205,1929.3714075,0.0,0.43,1.865,0.0,0.215
13860.0,0.0,8858.886273,8858.886273,1869.225003603,0.0,0.422,1.8705,0.0,0.211
13920.0,0.0,8742.129983999997,8742.129983999997,1809.6209066879994,0.0,0.414,1.876,0.0,0.207
13980.0,0.0,8623.542921,8623.542921,1750.5792129630001,0.0,0.406,1.8815,0.0,0.203
14040.0,0.0,8503.116372,8503.116372,1692.120158028,0.0,0.398,1.887,0.0,0.199
14100.0,0.0,8380.841625,8380.841625,1634.264116875,0.0,0.39,1.8925,0.0,0.195
14160.0,0.0,8299.938816,8299.938816,1593.588252672,0.0,0.384,1.898,0.0,0.192
14220.0,0.0,8217.672182999999,8217.672182999999,1553.1400425869997,0.0,0.378,1.9035,0.0,0.189
14280.0,0.0,8134.035192000002,8134.035192000002,1512.9305457120004,0.0,0.372,1.909,0.0,0.186
14340.0,0.0,8049.021308999998,8049.021308999998,1472.9708995469996,0.0,0.366,1.9144999999999999,0.0,0.183
14400.0,0.0,7962.624000000001,7962.624000000001,1433.27232,0.0,0.36,1.92,0.0,0.18
14460.0,0.0,7874.836730999999,7874.836730999999,1393.8461013869999,0.0,0.354,1.9255,0.0,0.177
14520.0,0.0,7785.652968,7785.652968,1354.703616432,0.0,0.348,1.931,0.0,0.174
14580.0,0.0,7695.066176999999,7695.066176999999,1315.8563162669998,0.0,0.342,1.9364999999999999,0.0,0.171
14640.0,0.0,7603.069823999999,7603.069823999999,1277.315730432,0.0,0.336,1.942,0.0,0.168
14700.0,0.0,7509.657375,7509.657375,1239.093466875,0.0,0.33,1.9475,0.0,0.165
14760.0,0.0,7414.822296,7414.822296,1201.201211952,0.0,0.324,1.953,0.0,0.162
14820.0,0.0,7318.558052999999,7318.558052999999,1163.6507304269999,0.0,0.318,1.9585,0.0,0.159
14880.0,0.0,7220.858111999999,7220.858111999999,1126.4538654719997,0.0,0.312,1.964,0.0,0.156
14940.0,0.0,7121.715939,7121.715939,1089.6225386669998,0.0,0.306,1.9695,0.0,0.153
15000.0,0.0,7021.125,7021.125,1053.16875,0.0,0.3,1.975,0.0,0.15
15060.0,0.0,6919.078760999999,6919.078760999999,1017.1045778669998,0.0,0.294,1.9805,0.0,0.147
15120.0,0.0,6815.570687999999,6815.570687999999,981.4421790719998,0.0,0.288,1.986,0.0,0.144
15180.0,0.0,6710.594247000001,6710.594247000001,946.1937888270003,0.0,0.28200000000000003,1.9915,0.0,0.14100000000000001
15240.0,0.0,6604.142904,6604.142904,911.3717207520001,0.0,0.276,1.9969999999999999,0.0,0.138
15300.0,0.0,6496.2101250000005,6496.2101250000005,876.9883668750001,0.0,0.27,2.0025,0.0,0.135
15360.0,0.0,6386.789376000001,6386.789376000001,843.0561976320001,0.0,0.264,2.008,0.0,0.132
15420.0,0.0,6275.8741230000005,6275.8741230000005,809.587761867,0.0,0.258,2.0135,0.0,0.129
15480.0,0.0,6163.457832000001,6163.457832000001,776.5956868320002,0.0,0.252,2.019,0.0,0.126
15540.0,0.0,6049.533968999998,6049.533968999998,744.0926781869998,0.0,0.246,2.0244999999999997,0.0,0.123
15600.0,0.0,5934.095999999998,5934.095999999998,712.0915199999997,0.0,0.24,2.03,0.0,0.12
15660.0,0.0,5866.856513999999,5866.856513999999,692.2890686519999,0.0,0.236,2.0355,0.0,0.118
15720.0,0.0,5798.627951999999,5798.627951999999,672.6408424319998,0.0,0.23199999999999998,2.041,0.0,0.11599999999999999
15780.0,0.0,5729.405957999999,5729.405957999999,653.1522792119999,0.0,0.228,2.0465,0.0,0.114
15840.0,0.0,5659.186176,5659.186176,633.8288517120001,0.0,0.224,2.052,0.0,0.112
15900.0,0.0,5587.96425,5587.96425,614.6760675,0.0,0.22,2.0575,0.0,0.11
15960.0,0.0,5464.664196000001,5464.664196000001,584.7190689720001,0.0,0.214,2.063,0.0,0.107
16020.0,0.0,5339.807928000001,5339.807928000001,555.3400245120001,0.0,0.208,2.0685000000000002,0.0,0.104
16080.0,0.0,5213.388911999999,5213.388911999999,526.552280112,0.0,0.202,2.074,0.0,0.101
16140.0,0.0,5085.400614,5085.400614,498.36926017200005,0.0,0.196,2.0795,0.0,0.098
16200.0,0.0,4955.8365,4955.8365,470.80446750000004,0.0,0.19,2.085,0.0,0.095
16260.0,0.0,4877.132319000001,4877.132319000001,453.5733056670001,0.0,0.186,2.0905,0.0,0.093
16320.0,0.0,4797.391872000001,4797.391872000001,436.5626603520001,0.0,0.182,2.096,0.0,0.091
16380.0,0.0,4716.610803000001,4716.610803000001,419.7783614670002,0.0,0.17800000000000002,2.1015,0.0,0.08900000000000001
16440.0,0.0,4634.784756000001,4634.784756000001,403.2262737720001,0.0,0.17400000000000002,2.107,0.0,0.08700000000000001
16500.0,0.0,4551.909374999999,4551.909374999999,386.912296875,0.0,0.17,2.1125,0.0,0.085
16560.0,0.0,4467.980304,4467.980304,370.842365232,0.0,0.166,2.118,0.0,0.083
16620.0,0.0,4382.993186999999,4382.993186999999,355.0224481469999,0.0,0.162,2.1235,0.0,0.081
16680.0,0.0,4296.943667999999,4296.943667999999,339.4585497719999,0.0,0.158,2.129,0.0,0.079
16740.0,0.0,4209.827391,4209.827391,324.156709107,0.0,0.154,2.1345,0.0,0.077
16800.0,0.0,4121.64,4121.64,309.123,0.0,0.15,2.14,0.0,0.075
16860.0,0.0,4032.3771390000006,4032.3771390000006,294.363531147,0.0,0.146,2.1455,0.0,0.073
16920.0,0.0,3942.034451999999,3942.034451999999,279.8844460919999,0.0,0.142,2.151,0.0,0.071
16980.0,0.0,3850.607583,3850.607583,265.691923227,0.0,0.138,2.1565,0.0,0.069
17040.0,0.0,3758.092176,3758.092176,251.79217579200002,0.0,0.134,2.162,0.0,0.067
17100.0,0.0,3664.483875,3664.483875,238.191451875,0.0,0.13,2.1675,0.0,0.065
17160.0,0.0,3569.778324,3569.778324,224.896034412,0.0,0.126,2.173,0.0,0.063
17220.0,0.0,3473.971167,3473.971167,211.912241187,0.0,0.122,2.1785,0.0,0.061
17280.0,0.0,3377.058048000001,3377.058048000001,199.24642483200006,0.0,0.11800000000000001,2.184,0.0,0.059000000000000004
17340.0,0.0,3279.0346109999996,3279.0346109999996,186.904972827,0.0,0.114,2.1895,0.0,0.057
17400.0,0.0,3179.8965,3179.8965,174.8943075,0.0,0.11,2.195,0.0,0.055
17460.0,0.0,3137.745762,3137.745762,169.438271148,0.0,0.108,2.2005,0.0,0.054
17520.0,0.0,3095.0532960000005,3095.0532960000005,164.03782468800003,0.0,0.106,2.206,0.0,0.053
17580.0,0.0,3051.8169240000007,3051.8169240000007,158.69448004800006,0.0,0.10400000000000001,2.2115,0.0,0.052000000000000005
17640.0,0.0,3008.0344680000003,3008.0344680000003,153.409757868,0.0,0.10200000000000001,2.217,0.0,0.051000000000000004
17700.0,0.0,2963.703750000001,2963.703750000001,148.18518750000007,0.0,0.1,2.2225,0.0,0.05
17760.0,0.0,2859.254784,2859.254784,137.244229632,0.0,0.096,2.2279999999999998,0.0,0.048
17820.0,0.0,2753.6642819999997,2753.6642819999997,126.66855697199999,0.0,0.092,2.2335,0.0,0.046
17880.0,0.0,2646.9278879999997,2646.9278879999997,116.464827072,0.0,0.08800000000000001,2.239,0.0,0.044000000000000004
17940.0,0.0,2539.041246,2539.041246,106.639732332,0.0,0.084,2.2445,0.0,0.042
18000.0,0.0,2430.0,2430.0,97.2,0.0,0.08,2.25,0.0,0.04
18060.0,0.0,2353.481325,2353.481325,91.785771675,0.0,0.078,2.2425,0.0,0.039
18120.0,0.0,2277.8225999999995,2277.8225999999995,86.55725879999999,0.0,0.076,2.235,0.0,0.038
18180.0,0.0,2203.0197750000007,2203.0197750000007,81.51173167500004,0.0,0.07400000000000001,2.2275,0.0,0.037000000000000005
18240.0,0.0,2129.0688000000005,2129.0688000000005,76.64647680000003,0.0,0.07200000000000001,2.22,0.0,0.036000000000000004
18300.0,0.0,2055.965625,2055.965625,71.958796875,0.0,0.07,2.2125,0.0,0.035
18360.0,0.0,1983.7062,1983.7062,67.44601080000001,0.0,0.068,2.205,0.0,0.034
18420.0,0.0,1912.2864749999999,1912.2864749999999,63.105453675,0.0,0.066,2.1975,0.0,0.033
18480.0,0.0,1841.7024000000001,1841.7024000000001,58.934476800000006,0.0,0.064,2.19,0.0,0.032
18540.0,0.0,1771.9499250000001,1771.9499250000001,54.930447675,0.0,0.062,2.1825,0.0,0.031
18600.0,0.0,1703.0249999999996,1703.0249999999996,51.090749999999986,0.0,0.06,2.175,0.0,0.03
18660.0,0.0,1634.9235749999998,1634.9235749999998,47.41278367499999,0.0,0.057999999999999996,2.1675,0.0,0.028999999999999998
18720.0,0.0,1567.6416000000002,1567.6416000000002,43.893964800000006,0.0,0.056,2.16,0.0,0.028
18780.0,0.0,1501.1750249999998,1501.1750249999998,40.531725675,0.0,0.054,2.1525,0.0,0.027
18840.0,0.0,1435.5198,1435.5198,37.323514800000005,0.0,0.052000000000000005,2.145,0.0,0.026000000000000002
18900.0,0.0,1370.6718750000002,1370.6718750000002,34.266796875000004,0.0,0.05,2.1375,0.0,0.025
18960.0,0.0,1361.0700000000002,1361.0700000000002,34.02675000000001,0.0,0.05,2.13,0.0,0.025
19020.0,0.0,1351.5018750000004,1351.5018750000004,33.78754687500001,0.0,0.05,2.1225,0.0,0.025
19080.0,0.0,1341.9675000000007,1341.9675000000007,33.549187500000016,0.0,0.05,2.115,0.0,0.025
19140.0,0.0,1332.466875,1332.466875,33.311671875,0.0,0.05,2.1075,0.0,0.025
19200.0,0.0,1323.0000000000002,1323.0000000000002,33.07500000000001,0.0,0.05,2.1,0.0,0.025
19260.0,0.0,1261.0241999999998,1261.0241999999998,30.264580799999997,0.0,0.048,2.0925,0.0,0.024
19320.0,0.0,1199.8341,1199.8341,27.5961843,0.0,0.046,2.085,0.0,0.023
19380.0,0.0,1139.4256500000004,1139.4256500000004,25.067364300000012,0.0,0.044000000000000004,2.0775,0.0,0.022000000000000002
19440.0,0.0,1079.7948,1079.7948,22.675690799999998,0.0,0.042,2.07,0.0,0.021
19500.0,0.0,1020.9375,1020.9375,20.41875,0.0,0.04,2.0625,0.0,0.02
19560.0,0.0,1013.5260000000001,1013.5260000000001,20.27052,0.0,0.04,2.055,0.0,0.02
19620.0,0.0,1006.1414999999998,1006.1414999999998,20.122829999999997,0.0,0.04,2.0475,0.0,0.02
19680.0,0.0,998.7840000000001,998.7840000000001,19.975680000000004,0.0,0.04,2.04,0.0,0.02
19740.0,0.0,991.4535000000003,991.4535000000003,19.829070000000005,0.0,0.04,2.0325,0.0,0.02
19800.0,0.0,984.15,984.15,19.683,0.0,0.04,2.025,0.0,0.02
19860.0,0.0,928.0298250000001,928.0298250000001,17.632566675,0.0,0.038,2.0175,0.0,0.019
19920.0,0.0,872.6615999999997,872.6615999999997,15.707908799999993,0.0,0.036,2.01,0.0,0.018
19980.0,0.0,818.041275,818.041275,13.906701675000003,0.0,0.034,2.0025,0.0,0.017
20040.0,0.0,764.1648000000001,764.1648000000001,12.226636800000001,0.0,0.032,1.995,0.0,0.016
20100.0,0.0,711.0281249999999,711.0281249999999,10.665421874999998,0.0,0.03,1.9875,0.0,0.015
20160.0,0.0,705.672,705.672,10.58508,0.0,0.03,1.98,0.0,0.015
20220.0,0.0,700.336125,700.336125,10.505041875,0.0,0.03,1.9725000000000001,0.0,0.015
20280.0,0.0,695.0204999999999,695.0204999999999,10.425307499999997,0.0,0.03,1.9649999999999999,0.0,0.015
20340.0,0.0,689.7251249999999,689.7251249999999,10.345876874999998,0.0,0.03,1.9575,0.0,0.015
20400.0,0.0,684.4499999999999,684.4499999999999,10.266749999999998,0.0,0.03,1.95,0.0,0.015
20460.0,0.0,679.195125,679.195125,10.187926874999999,0.0,0.03,1.9425,0.0,0.015
20520.0,0.0,673.9605,673.9605,10.1094075,0.0,0.03,1.935,0.0,0.015
20580.0,0.0,668.746125,668.746125,10.031191875,0.0,0.03,1.9275,0.0,0.015
20640.0,0.0,663.552,663.552,9.95328,0.0,0.03,1.92,0.0,0.015
20700.0,0.0,658.3781250000001,658.3781250000001,9.875671875,0.0,0.03,1.9125,0.0,0.015
20760.0,0.0,609.6762000000001,609.6762000000001,8.535466800000002,0.0,0.028,1.905,0.0,0.014
20820.0,0.0,561.678975,561.678975,7.301826675,0.0,0.026,1.8975,0.0,0.013
20880.0,0.0,514.3824000000001,514.3824000000001,6.172588800000001,0.0,0.024,1.8900000000000001,0.0,0.012
20940.0,0.0,467.78242500000005,467.78242500000005,5.145606675,0.0,0.022,1.8825,0.0,0.011
21000.0,0.0,421.875,421.875,4.21875,0.0,0.02,1.875,0.0,0.01
21060.0,0.0,418.50675,418.50675,4.185067500000001,0.0,0.02,1.8675,0.0,0.01
21120.0,0.0,415.15199999999993,415.15199999999993,4.15152,0.0,0.02,1.8599999999999999,0.0,0.01
21180.0,0.0,411.81075000000004,411.81075000000004,4.118107500000001,0.0,0.02,1.8525,0.0,0.01
21240.0,0.0,408.48299999999995,408.48299999999995,4.084829999999999,0.0,0.02,1.845,0.0,0.01
21300.0,0.0,405.16874999999993,405.16874999999993,4.051687499999999,0.0,0.02,1.8375,0.0,0.01
21360.0,0.0,401.86800000000005,401.86800000000005,4.018680000000001,0.0,0.02,1.83,0.0,0.01
21420.0,0.0,398.58074999999997,398.58074999999997,3.9858075,0.0,0.02,1.8225,0.0,0.01
21480.0,0.0,395.30699999999996,395.30699999999996,3.95307,0.0,0.02,1.815,0.0,0.01
21540.0,0.0,392.04675000000003,392.04675000000003,3.9204675000000004,0.0,0.02,1.8075,0.0,0.01
21600.0,0.0,388.8,388.8,3.8880000000000003,0.0,0.02,1.8,0.0,0.01
21660.0,0.0,385.56674999999996,385.56674999999996,3.8556674999999996,0.0,0.02,1.7925,0.0,0.01
21720.0,0.0,382.34700000000004,382.34700000000004,3.8234700000000004,0.0,0.02,1.7850000000000001,0.0,0.01
21780.0,0.0,379.1407499999999,379.1407499999999,3.791407499999999,0.0,0.02,1.7774999999999999,0.0,0.01
21840.0,0.0,375.948,375.948,3.75948,0.0,0.02,1.77,0.0,0.01
21900.0,0.0,372.76875,372.76875,3.7276875,0.0,0.02,1.7625,0.0,0.01
21960.0,0.0,332.6427,332.6427,2.9937843,0.0,0.018000000000000002,1.755,0.0,0.009000000000000001
22020.0,0.0,293.16060000000004,293.16060000000004,2.3452848000000004,0.0,0.016,1.7475,0.0,0.008
22080.0,0.0,254.3184,254.3184,1.7802288,0.0,0.014,1.74,0.0,0.007
22140.0,0.0,216.11205,216.11205,1.2966723,0.0,0.012,1.7325,0.0,0.006
22200.0,0.0,178.53750000000002,178.53750000000002,0.8926875000000001,0.0,0.01,1.725,0.0,0.005
22260.0,0.0,176.988375,176.988375,0.884941875,0.0,0.01,1.7175,0.0,0.005
22320.0,0.0,175.446,175.446,0.87723,0.0,0.01,1.71,0.0,0.005
22380.0,0.0,173.91037500000002,173.91037500000002,0.8695518750000001,0.0,0.01,1.7025000000000001,0.0,0.005
22440.0,0.0,172.3815,172.3815,0.8619074999999999,0.0,0.01,1.695,0.0,0.005
22500.0,0.0,170.859375,170.859375,0.8542968750000001,0.0,0.01,1.6875,0.0,0.005
22560.0,0.0,169.34399999999997,169.34399999999997,0.8467199999999998,0.0,0.01,1.68,0.0,0.005
22620.0,0.0,167.835375,167.835375,0.839176875,0.0,0.01,1.6724999999999999,0.0,0.005
22680.0,0.0,166.33350000000002,166.33350000000002,0.8316675000000001,0.0,0.01,1.665,0.0,0.005
22740.0,0.0,164.83837499999998,164.83837499999998,0.8241918749999999,0.0,0.01,1.6575,0.0,0.005
22800.0,0.0,163.34999999999997,163.34999999999997,0.8167499999999999,0.0,0.01,1.65,0.0,0.005
22860.0,0.0,161.868375,161.868375,0.809341875,0.0,0.01,1.6425,0.0,0.005
22920.0,0.0,160.3935,160.3935,0.8019674999999999,0.0,0.01,1.635,0.0,0.005
22980.0,0.0,158.925375,158.925375,0.7946268750000001,0.0,0.01,1.6275,0.0,0.005
23040.0,0.0,157.46400000000003,157.46400000000003,0.7873200000000001,0.0,0.01,1.62,0.0,0.005
23100.0,0.0,156.009375,156.009375,0.780046875,0.0,0.01,1.6125,0.0,0.005
23160.0,0.0,154.5615,154.5615,0.7728075,0.0,0.01,1.605,0.0,0.005
23220.0,0.0,153.12037500000002,153.12037500000002,0.7656018750000001,0.0,0.01,1.5975000000000001,0.0,0.005
23280.0,0.0,151.68599999999995,151.68599999999995,0.7584299999999997,0.0,0.01,1.5899999999999999,0.0,0.005
23340.0,0.0,150.258375,150.258375,0.751291875,0.0,0.01,1.5825,0.0,0.005
23400.0,0.0,148.8375,148.8375,0.7441875,0.0,0.01,1.575,0.0,0.005
23460.0,0.0,147.42337499999996,147.42337499999996,0.7371168749999998,0.0,0.01,1.5675,0.0,0.005
23520.0,0.0,146.01600000000002,146.01600000000002,0.7300800000000001,0.0,0.01,1.56,0.0,0.005
23580.0,0.0,144.615375,144.615375,0.7230768750000001,0.0,0.01,1.5525,0.0,0.005
23640.0,0.0,143.2215,143.2215,0.7161075,0.0,0.01,1.545,0.0,0.005
23700.0,0.0,141.83437500000002,141.83437500000002,0.7091718750000001,0.0,0.01,1.5375,0.0,0.005
23760.0,0.0,140.454,140.454,0.7022700000000001,0.0,0.01,1.53,0.0,0.005
23820.0,0.0,139.08037499999998,139.08037499999998,0.6954018749999998,0.0,0.01,1.5225,0.0,0.005
23880.0,0.0,137.7135,137.7135,0.6885675000000001,0.0,0.01,1.5150000000000001,0.0,0.005
23940.0,0.0,136.353375,136.353375,0.681766875,0.0,0.01,1.5075,0.0,0.005
24000.0,0.0,135.0,135.0,0.675,0.0,0.01,1.5,0.0,0.005
24060.0,0.0,134.37073499999997,134.37073499999997,0.6718536749999998,0.0,0.01,1.4965,0.0,0.005
24120.0,0.0,133.74294000000003,133.74294000000003,0.6687147000000002,0.0,0.01,1.493,0.0,0.005
24180.0,0.0,133.116615,133.116615,0.665583075,0.0,0.01,1.4895,0.0,0.005
24240.0,0.0,132.49176,132.49176,0.6624588,0.0,0.01,1.486,0.0,0.005
24300.0,0.0,131.868375,131.868375,0.659341875,0.0,0.01,1.4825,0.0,0.005
24360.0,0.0,131.24646,131.24646,0.6562323000000001,0.0,0.01,1.479,0.0,0.005
24420.0,0.0,130.626015,130.626015,0.653130075,0.0,0.01,1.4755,0.0,0.005
24480.0,0.0,130.00703999999996,130.00703999999996,0.6500351999999998,0.0,0.01,1.472,0.0,0.005
24540.0,0.0,129.389535,129.389535,0.6469476749999999,0.0,0.01,1.4685,0.0,0.005
24600.0,0.0,128.7735,128.7735,0.6438675,0.0,0.01,1.465,0.0,0.005
24660.0,0.0,128.15893499999999,128.15893499999999,0.640794675,0.0,0.01,1.4615,0.0,0.005
24720.0,0.0,127.54583999999997,127.54583999999997,0.6377291999999999,0.0,0.01,1.458,0.0,0.005
24780.0,0.0,126.93421499999998,126.93421499999998,0.6346710749999999,0.0,0.01,1.4545,0.0,0.005
24840.0,0.0,126.32406000000002,126.32406000000002,0.6316203000000001,0.0,0.01,1.451,0.0,0.005
24900.0,0.0,125.715375,125.715375,0.628576875,0.0,0.01,1.4475,0.0,0.005
24960.0,0.0,325.28121600000003,325.28121600000003,4.228655808000001,0.0,0.026000000000000002,1.444,0.0,0.013000000000000001
25020.0,0.0,522.9101430000001,522.9101430000001,10.981113003000003,0.0,0.042,1.4405,0.0,0.021
25080.0,0.0,718.6092120000001,718.6092120000001,20.839667148000004,0.0,0.058,1.437,0.0,0.029
25140.0,0.0,912.3854789999999,912.3854789999999,33.758262722999994,0.0,0.074,1.4335,0.0,0.037
25200.0,0.0,1104.2459999999999,1104.2459999999999,49.69106999999999,0.0,0.09,1.43,0.0,0.045
25260.0,0.0,1123.266042,1123.266042,51.670237932,0.0,0.092,1.4264999999999999,0.0,0.046
25320.0,0.0,1142.059956,1142.059956,53.676817932000006,0.0,0.094,1.423,0.0,0.047
25380.0,0.0,1160.628624,1160.628624,55.710173952,0.0,0.096,1.4195,0.0,0.048
25440.0,0.0,1178.9729280000001,1178.9729280000001,57.76967347200001,0.0,0.098,1.416,0.0,0.049
25500.0,0.0,1197.0937500000002,1197.0937500000002,59.85468750000001,0.0,0.1,1.4125,0.0,0.05
25560.0,0.0,1167.3452280000004,1167.3452280000004,57.19991617200002,0.0,0.098,1.409,0.0,0.049
25620.0,0.0,1137.8478240000002,1137.8478240000002,54.61669555200001,0.0,0.096,1.4055,0.0,0.048
25680.0,0.0,1108.6006559999998,1108.6006559999998,52.10423083199999,0.0,0.094,1.402,0.0,0.047
25740.0,0.0,1079.6028420000002,1079.6028420000002,49.66173073200001,0.0,0.092,1.3985,0.0,0.046
25800.0,0.0,1050.8535000000002,1050.8535000000002,47.288407500000005,0.0,0.09,1.395,0.0,0.045
25860.0,0.0,1022.3517479999999,1022.3517479999999,44.98347691199999,0.0,0.088,1.3915,0.0,0.044
25920.0,0.0,994.0967039999999,994.0967039999999,42.746158271999995,0.0,0.086,1.388,0.0,0.043
25980.0,0.0,966.0874860000001,966.0874860000001,40.575674412000005,0.0,0.084,1.3845,0.0,0.042
26040.0,0.0,938.323212,938.323212,38.471251692,0.0,0.082,1.381,0.0,0.041
26100.0,0.0,910.8029999999999,910.8029999999999,36.43212,0.0,0.08,1.3775,0.0,0.04
26160.0,0.0,883.5259679999998,883.5259679999998,34.45751275199999,0.0,0.078,1.3739999999999999,0.0,0.039
26220.0,0.0,856.491234,856.491234,32.546666892,0.0,0.076,1.3705,0.0,0.038
26280.0,0.0,829.6979160000002,829.6979160000002,30.69882289200001,0.0,0.07400000000000001,1.367,0.0,0.037000000000000005
26340.0,0.0,803.145132,803.145132,28.913224752,0.0,0.07200000000000001,1.3635,0.0,0.036000000000000004
26400.0,0.0,776.832,776.832,27.189120000000003,0.0,0.07,1.3599999999999999,0.0,0.035
26460.0,0.0,772.8387450000001,772.8387450000001,27.049356075000006,0.0,0.07,1.3565,0.0,0.035
26520.0,0.0,768.8557800000001,768.8557800000001,26.909952300000008,0.0,0.07,1.353,0.0,0.035
26580.0,0.0,764.883105,764.883105,26.770908675,0.0,0.07,1.3495,0.0,0.035
26640.0,0.0,760.92072,760.92072,26.6322252,0.0,0.07,1.3459999999999999,0.0,0.035
26700.0,0.0,756.9686250000001,756.9686250000001,26.493901875000006,0.0,0.07,1.3425,0.0,0.035
26760.0,0.0,753.02682,753.02682,26.355938700000003,0.0,0.07,1.339,0.0,0.035
26820.0,0.0,749.0953049999999,749.0953049999999,26.218335675,0.0,0.07,1.3355,0.0,0.035
26880.0,0.0,745.1740799999999,745.1740799999999,26.081092799999997,0.0,0.07,1.3319999999999999,0.0,0.035
26940.0,0.0,741.2631450000001,741.2631450000001,25.944210075000008,0.0,0.07,1.3285,0.0,0.035
27000.0,0.0,737.3625000000001,737.3625000000001,25.807687500000004,0.0,0.07,1.325,0.0,0.035
27060.0,0.0,712.5157979999999,712.5157979999999,24.225537132,0.0,0.068,1.3215,0.0,0.034
27120.0,0.0,687.901104,687.901104,22.700736432000003,0.0,0.066,1.318,0.0,0.033
27180.0,0.0,663.5175360000001,663.5175360000001,21.232561152000002,0.0,0.064,1.3145,0.0,0.032
27240.0,0.0,639.364212,639.364212,19.820290571999998,0.0,0.062,1.311,0.0,0.031
27300.0,0.0,615.4402499999999,615.4402499999999,18.463207499999996,0.0,0.06,1.3074999999999999,0.0,0.03
27360.0,0.0,612.1497599999998,612.1497599999998,18.364492799999994,0.0,0.06,1.3039999999999998,0.0,0.03
27420.0,0.0,608.8680899999999,608.8680899999999,18.266042699999996,0.0,0.06,1.3005,0.0,0.03
27480.0,0.0,605.5952399999999,605.5952399999999,18.167857199999997,0.0,0.06,1.297,0.0,0.03
27540.0,0.0,602.3312099999998,602.3312099999998,18.069936299999995,0.0,0.06,1.2934999999999999,0.0,0.03
27600.0,0.0,599.076,599.076,17.97228,0.0,0.06,1.29,0.0,0.03
27660.0,0.0,595.82961,595.82961,17.8748883,0.0,0.06,1.2865,0.0,0.03
27720.0,0.0,592.5920399999999,592.5920399999999,17.777761199999997,0.0,0.06,1.283,0.0,0.03
27780.0,0.0,589.3632899999999,589.3632899999999,17.680898699999997,0.0,0.06,1.2794999999999999,0.0,0.03
27840.0,0.0,586.14336,586.14336,17.5843008,0.0,0.06,1.276,0.0,0.03
27900.0,0.0,582.93225,582.93225,17.487967499999996,0.0,0.06,1.2725,0.0,0.03
27960.0,0.0,560.4056279999999,560.4056279999999,16.251763211999997,0.0,0.057999999999999996,1.269,0.0,0.028999999999999998
28020.0,0.0,538.1007239999999,538.1007239999999,15.066820271999998,0.0,0.056,1.2654999999999998,0.0,0.028
28080.0,0.0,516.016656,516.016656,13.932449712,0.0,0.054,1.262,0.0,0.027
28140.0,0.0,494.1525420000001,494.1525420000001,12.847966092000004,0.0,0.052000000000000005,1.2585,0.0,0.026000000000000002
28200.0,0.0,472.50749999999994,472.50749999999994,11.8126875,0.0,0.05,1.255,0.0,0.025
28260.0,0.0,469.8756750000001,469.8756750000001,11.746891875000003,0.0,0.05,1.2515,0.0,0.025
28320.0,0.0,467.25120000000004,467.25120000000004,11.681280000000001,0.0,0.05,1.248,0.0,0.025
28380.0,0.0,464.634075,464.634075,11.615851875,0.0,0.05,1.2445,0.0,0.025
28440.0,0.0,462.02430000000004,462.02430000000004,11.550607500000002,0.0,0.05,1.2409999999999999,0.0,0.025
28500.0,0.0,459.42187499999994,459.42187499999994,11.485546874999999,0.0,0.05,1.2374999999999998,0.0,0.025
28560.0,0.0,365.46144,365.46144,7.3092288,0.0,0.04,1.234,0.0,0.02
28620.0,0.0,272.54344499999996,272.54344499999996,4.088151674999999,0.0,0.03,1.2305,0.0,0.015
28680.0,0.0,180.66348000000002,180.66348000000002,1.8066348000000005,0.0,0.020000000000000004,1.2269999999999999,0.0,0.010000000000000002
28740.0,0.0,89.81713499999996,89.81713499999996,0.4490856749999996,0.0,0.009999999999999995,1.2235,0.0,0.0049999999999999975
28800.0,0.0,0.0,0.0,0.0,0.0,0.0,1.22,0.0,0.0
28860.0,0.0,0.0,0.0,0.0,0.0,0.0,1.2165,0.0,0.0
28920.0,0.0,0.0,0.0,0.0,0.0,0.0,1.213,0.0,0.0
28980.0,0.0,0.0,0.0,0.0,0.0,0.0,1.2095,0.0,0.0
29040.0,0.0,0.0,0.0,0.0,0.0,0.0,1.206,0.0,0.0
29100.0,0.0,0.0,0.0,0.0,0.0,0.0,1.2025,0.0,0.0
29160.0,0.0,0.0,0.0,0.0,0.0,0.0,1.1989999999999998,0.0,0.0
29220.0,0.0,0.0,0.0,0.0,0.0,0.0,1.1955,0.0,0.0
29280.0,0.0,0.0,0.0,0.0,0.0,0.0,1.192,0.0,0.0
29340.0,0.0,0.0,0.0,0.0,0.0,0.0,1.1885,0.0,0.0
29400.0,0.0,0.0,0.0,0.0,0.0,0.0,1.1849999999999998,0.0,0.0
29460.0,0.0,0.0,0.0,0.0,0.0,0.0,1.1814999999999998,0.0,0.0
29520.0,0.0,0.0,0.0,0.0,0.0,0.0,1.178,0.0,0.0
29580.0,0.0,0.0,0.0,0.0,0.0,0.0,1.1744999999999999,0.0,0.0
29640.0,0.0,0.0,0.0,0.0,0.0,0.0,1.1709999999999998,0.0,0.0
29700.0,0.0,0.0,0.0,0.0,0.0,0.0,1.1675,0.0,0.0
29760.0,0.0,0.0,0.0,0.0,0.0,0.0,1.164,0.0,0.0
29820.0,0.0,0.0,0.0,0.0,0.0,0.0,1.1604999999999999,0.0,0.0
29880.0,0.0,0.0,0.0,0.0,0.0,0.0,1.157,0.0,0.0
29940.0,0.0,0.0,0.0,0.0,0.0,0.0,1.1535,0.0,0.0
30000.0,0.0,0.0,0.0,0.0,0.0,0.0,1.15,0.0,0.0
30060.0,0.0,0.0,0.0,0.0,0.0,0.0,0.0,0.0,0.0
30120.0,0.0,0.0,0.0,0.0,0.0,0.0,0.0,0.0,0.0
30180.0,0.0,0.0,0.0,0.0,0.0,0.0,0.0,0.0,0.0
30240.0,0.0,0.0,0.0,0.0,0.0,0.0,0.0,0.0,0.0
30300.0,0.0,0.0,0.0,0.0,0.0,0.0,0.0,0.0,0.0
30360.0,0.0,0.0,0.0,0.0,0.0,0.0,0.0,0.0,0.0
30420.0,0.0,0.0,0.0,0.0,0.0,0.0,0.0,0.0,0.0
30480.0,0.0,0.0,0.0,0.0,0.0,0.0,0.0,0.0,0.0
30540.0,0.0,0.0,0.0,0.0,0.0,0.0,0.0,0.0,0.0
30600.0,0.0,0.0,0.0,0.0,0.0,0.0,0.0,0.0,0.0
30660.0,0.0,0.0,0.0,0.0,0.0,0.0,0.0,0.0,0.0
30720.0,0.0,0.0,0.0,0.0,0.0,0.0,0.0,0.0,0.0
30780.0,0.0,0.0,0.0,0.0,0.0,0.0,0.0,0.0,0.0
30840.0,0.0,0.0,0.0,0.0,0.0,0.0,0.0,0.0,0.0
30900.0,0.0,0.0,0.0,0.0,0.0,0.0,0.0,0.0,0.0
30960.0,0.0,0.0,0.0,0.0,0.0,0.0,0.0,0.0,0.0
31020.0,0.0,0.0,0.0,0.0,0.0,0.0,0.0,0.0,0.0
31080.0,0.0,0.0,0.0,0.0,0.0,0.0,0.0,0.0,0.0
31140.0,0.0,0.0,0.0,0.0,0.0,0.0,0.0,0.0,0.0
31200.0,0.0,0.0,0.0,0.0,0.0,0.0,0.0,0.0,0.0
31260.0,0.0,0.0,0.0,0.0,0.0,0.0,0.0,0.0,0.0
31320.0,0.0,0.0,0.0,0.0,0.0,0.0,0.0,0.0,0.0
31380.0,0.0,0.0,0.0,0.0,0.0,0.0,0.0,0.0,0.0
31440.0,0.0,0.0,0.0,0.0,0.0,0.0,0.0,0.0,0.0
31500.0,0.0,0.0,0.0,0.0,0.0,0.0,0.0,0.0,0.0
31560.0,0.0,0.0,0.0,0.0,0.0,0.0,0.0,0.0,0.0
31620.0,0.0,0.0,0.0,0.0,0.0,0.0,0.0,0.0,0.0
31680.0,0.0,0.0,0.0,0.0,0.0,0.0,0.0,0.0,0.0
31740.0,0.0,0.0,0.0,0.0,0.0,0.0,0.0,0.0,0.0
31800.0,0.0,0.0,0.0,0.0,0.0,0.0,0.0,0.0,0.0
31860.0,0.0,0.0,0.0,0.0,0.0,0.0,0.0,0.0,0.0
31920.0,0.0,0.0,0.0,0.0,0.0,0.0,0.0,0.0,0.0
31980.0,0.0,0.0,0.0,0.0,0.0,0.0,0.0,0.0,0.0
32040.0,0.0,0.0,0.0,0.0,0.0,0.0,0.0,0.0,0.0
32100.0,0.0,0.0,0.0,0.0,0.0,0.0,0.0,0.0,0.0
32160.0,0.0,0.0,0.0,0.0,0.0,0.0,0.0,0.0,0.0
32220.0,0.0,0.0,0.0,0.0,0.0,0.0,0.0,0.0,0.0
32280.0,0.0,0.0,0.0,0.0,0.0,0.0,0.0,0.0,0.0
32340.0,0.0,0.0,0.0,0.0,0.0,0.0,0.0,0.0,0.0
32400.0,0.0,0.0,0.0,0.0,0.0,0.0,0.0,0.0,0.0
32460.0,0.0,0.0,0.0,0.0,0.0,0.0,0.0,0.0,0.0
32520.0,0.0,0.0,0.0,0.0,0.0,0.0,0.0,0.0,0.0
32580.0,0.0,0.0,0.0,0.0,0.0,0.0,0.0,0.0,0.0
32640.0,0.0,0.0,0.0,0.0,0.0,0.0,0.0,0.0,0.0
32700.0,0.0,0.0,0.0,0.0,0.0,0.0,0.0,0.0,0.0
32760.0,0.0,0.0,0.0,0.0,0.0,0.0,0.0,0.0,0.0
32820.0,0.0,0.0,0.0,0.0,0.0,0.0,0.0,0.0,0.0
32880.0,0.0,0.0,0.0,0.0,0.0,0.0,0.0,0.0,0.0
32940.0,0.0,0.0,0.0,0.0,0.0,0.0,0.0,0.0,0.0
33000.0,0.0,0.0,0.0,0.0,0.0,0.0,0.0,0.0,0.0
33060.0,0.0,0.0,0.0,0.0,0.0,0.0,0.0,0.0,0.0
33120.0,0.0,0.0,0.0,0.0,0.0,0.0,0.0,0.0,0.0
33180.0,0.0,0.0,0.0,0.0,0.0,0.0,0.0,0.0,0.0
33240.0,0.0,0.0,0.0,0.0,0.0,0.0,0.0,0.0,0.0
33300.0,0.0,0.0,0.0,0.0,0.0,0.0,0.0,0.0,0.0
33360.0,0.0,0.0,0.0,0.0,0.0,0.0,0.0,0.0,0.0
33420.0,0.0,0.0,0.0,0.0,0.0,0.0,0.0,0.0,0.0
33480.0,0.0,0.0,0.0,0.0,0.0,0.0,0.0,0.0,0.0
33540.0,0.0,0.0,0.0,0.0,0.0,0.0,0.0,0.0,0.0
33600.0,0.0,0.0,0.0,0.0,0.0,0.0,0.0,0.0,0.0
33660.0,0.0,0.0,0.0,0.0,0.0,0.0,0.0,0.0,0.0
33720.0,0.0,0.0,0.0,0.0,0.0,0.0,0.0,0.0,0.0
33780.0,0.0,0.0,0.0,0.0,0.0,0.0,0.0,0.0,0.0
33840.0,0.0,0.0,0.0,0.0,0.0,0.0,0.0,0.0,0.0
33900.0,0.0,0.0,0.0,0.0,0.0,0.0,0.0,0.0,0.0
33960.0,0.0,0.0,0.0,0.0,0.0,0.0,0.0,0.0,0.0
34020.0,0.0,0.0,0.0,0.0,0.0,0.0,0.0,0.0,0.0
34080.0,0.0,0.0,0.0,0.0,0.0,0.0,0.0,0.0,0.0
34140.0,0.0,0.0,0.0,0.0,0.0,0.0,0.0,0.0,0.0
34200.0,0.0,0.0,0.0,0.0,0.0,0.0,0.0,0.0,0.0
34260.0,0.0,0.0,0.0,0.0,0.0,0.0,0.0,0.0,0.0
34320.0,0.0,0.0,0.0,0.0,0.0,0.0,0.0,0.0,0.0
34380.0,0.0,0.0,0.0,0.0,0.0,0.0,0.0,0.0,0.0
34440.0,0.0,0.0,0.0,0.0,0.0,0.0,0.0,0.0,0.0
34500.0,0.0,0.0,0.0,0.0,0.0,0.0,0.0,0.0,0.0
34560.0,0.0,0.0,0.0,0.0,0.0,0.0,0.0,0.0,0.0
34620.0,0.0,0.0,0.0,0.0,0.0,0.0,0.0,0.0,0.0
34680.0,0.0,0.0,0.0,0.0,0.0,0.0,0.0,0.0,0.0
34740.0,0.0,0.0,0.0,0.0,0.0,0.0,0.0,0.0,0.0
34800.0,0.0,0.0,0.0,0.0,0.0,0.0,0.0,0.0,0.0
34860.0,0.0,0.0,0.0,0.0,0.0,0.0,0.0,0.0,0.0
34920.0,0.0,0.0,0.0,0.0,0.0,0.0,0.0,0.0,0.0
34980.0,0.0,0.0,0.0,0.0,0.0,0.0,0.0,0.0,0.0
35040.0,0.0,0.0,0.0,0.0,0.0,0.0,0.0,0.0,0.0
35100.0,0.0,0.0,0.0,0.0,0.0,0.0,0.0,0.0,0.0
35160.0,0.0,0.0,0.0,0.0,0.0,0.0,0.0,0.0,0.0
35220.0,0.0,0.0,0.0,0.0,0.0,0.0,0.0,0.0,0.0
35280.0,0.0,0.0,0.0,0.0,0.0,0.0,0.0,0.0,0.0
35340.0,0.0,0.0,0.0,0.0,0.0,0.0,0.0,0.0,0.0
35400.0,0.0,0.0,0.0,0.0,0.0,0.0,0.0,0.0,0.0
35460.0,0.0,0.0,0.0,0.0,0.0,0.0,0.0,0.0,0.0
35520.0,0.0,0.0,0.0,0.0,0.0,0.0,0.0,0.0,0.0
35580.0,0.0,0.0,0.0,0.0,0.0,0.0,0.0,0.0,0.0
35640.0,0.0,0.0,0.0,0.0,0.0,0.0,0.0,0.0,0.0
35700.0,0.0,0.0,0.0,0.0,0.0,0.0,0.0,0.0,0.0
35760.0,0.0,0.0,0.0,0.0,0.0,0.0,0.0,0.0,0.0
35820.0,0.0,0.0,0.0,0.0,0.0,0.0,0.0,0.0,0.0
35880.0,0.0,0.0,0.0,0.0,0.0,0.0,0.0,0.0,0.0
35940.0,0.0,0.0,0.0,0.0,0.0,0.0,0.0,0.0,0.0
36000.0,0.0,0.0,0.0,0.0,0.0,0.0,0.0,0.0,0.0
36060.0,0.0,0.0,0.0,0.0,0.0,0.0,0.0,0.0,0.0
36120.0,0.0,0.0,0.0,0.0,0.0,0.0,0.0,0.0,0.0
36180.0,0.0,0.0,0.0,0.0,0.0,0.0,0.0,0.0,0.0
36240.0,0.0,0.0,0.0,0.0,0.0,0.0,0.0,0.0,0.0
36300.0,0.0,0.0,0.0,0.0,0.0,0.0,0.0,0.0,0.0
36360.0,0.0,0.0,0.0,0.0,0.0,0.0,0.0,0.0,0.0
36420.0,0.0,0.0,0.0,0.0,0.0,0.0,0.0,0.0,0.0
36480.0,0.0,0.0,0.0,0.0,0.0,0.0,0.0,0.0,0.0
36540.0,0.0,0.0,0.0,0.0,0.0,0.0,0.0,0.0,0.0
36600.0,0.0,0.0,0.0,0.0,0.0,0.0,0.0,0.0,0.0
36660.0,0.0,0.0,0.0,0.0,0.0,0.0,0.0,0.0,0.0
36720.0,0.0,0.0,0.0,0.0,0.0,0.0,0.0,0.0,0.0
36780.0,0.0,0.0,0.0,0.0,0.0,0.0,0.0,0.0,0.0
36840.0,0.0,0.0,0.0,0.0,0.0,0.0,0.0,0.0,0.0
36900.0,0.0,0.0,0.0,0.0,0.0,0.0,0.0,0.0,0.0
36960.0,0.0,0.0,0.0,0.0,0.0,0.0,0.0,0.0,0.0
37020.0,0.0,0.0,0.0,0.0,0.0,0.0,0.0,0.0,0.0
37080.0,0.0,0.0,0.0,0.0,0.0,0.0,0.0,0.0,0.0
37140.0,0.0,0.0,0.0,0.0,0.0,0.0,0.0,0.0,0.0
37200.0,0.0,0.0,0.0,0.0,0.0,0.0,0.0,0.0,0.0
37260.0,0.0,0.0,0.0,0.0,0.0,0.0,0.0,0.0,0.0
37320.0,0.0,0.0,0.0,0.0,0.0,0.0,0.0,0.0,0.0
37380.0,0.0,0.0,0.0,0.0,0.0,0.0,0.0,0.0,0.0
37440.0,0.0,0.0,0.0,0.0,0.0,0.0,0.0,0.0,0.0
37500.0,0.0,0.0,0.0,0.0,0.0,0.0,0.0,0.0,0.0
37560.0,0.0,0.0,0.0,0.0,0.0,0.0,0.0,0.0,0.0
37620.0,0.0,0.0,0.0,0.0,0.0,0.0,0.0,0.0,0.0
37680.0,0.0,0.0,0.0,0.0,0.0,0.0,0.0,0.0,0.0
37740.0,0.0,0.0,0.0,0.0,0.0,0.0,0.0,0.0,0.0
37800.0,0.0,0.0,0.0,0.0,0.0,0.0,0.0,0.0,0.0
37860.0,0.0,0.0,0.0,0.0,0.0,0.0,0.0,0.0,0.0
37920.0,0.0,0.0,0.0,0.0,0.0,0.0,0.0,0.0,0.0
37980.0,0.0,0.0,0.0,0.0,0.0,0.0,0.0,0.0,0.0
38040.0,0.0,0.0,0.0,0.0,0.0,0.0,0.0,0.0,0.0
38100.0,0.0,0.0,0.0,0.0,0.0,0.0,0.0,0.0,0.0
38160.0,0.0,0.0,0.0,0.0,0.0,0.0,0.0,0.0,0.0
38220.0,0.0,0.0,0.0,0.0,0.0,0.0,0.0,0.0,0.0
38280.0,0.0,0.0,0.0,0.0,0.0,0.0,0.0,0.0,0.0
38340.0,0.0,0.0,0.0,0.0,0.0,0.0,0.0,0.0,0.0
38400.0,0.0,0.0,0.0,0.0,0.0,0.0,0.0,0.0,0.0
38460.0,0.0,0.0,0.0,0.0,0.0,0.0,0.0,0.0,0.0
38520.0,0.0,0.0,0.0,0.0,0.0,0.0,0.0,0.0,0.0
38580.0,0.0,0.0,0.0,0.0,0.0,0.0,0.0,0.0,0.0
38640.0,0.0,0.0,0.0,0.0,0.0,0.0,0.0,0.0,0.0
38700.0,0.0,0.0,0.0,0.0,0.0,0.0,0.0,0.0,0.0
38760.0,0.0,0.0,0.0,0.0,0.0,0.0,0.0,0.0,0.0
38820.0,0.0,0.0,0.0,0.0,0.0,0.0,0.0,0.0,0.0
38880.0,0.0,0.0,0.0,0.0,0.0,0.0,0.0,0.0,0.0
38940.0,0.0,0.0,0.0,0.0,0.0,0.0,0.0,0.0,0.0
39000.0,0.0,0.0,0.0,0.0,0.0,0.0,0.0,0.0,0.0
39060.0,0.0,0.0,0.0,0.0,0.0,0.0,0.0,0.0,0.0
39120.0,0.0,0.0,0.0,0.0,0.0,0.0,0.0,0.0,0.0
39180.0,0.0,0.0,0.0,0.0,0.0,0.0,0.0,0.0,0.0
39240.0,0.0,0.0,0.0,0.0,0.0,0.0,0.0,0.0,0.0
39300.0,0.0,0.0,0.0,0.0,0.0,0.0,0.0,0.0,0.0
39360.0,0.0,0.0,0.0,0.0,0.0,0.0,0.0,0.0,0.0
39420.0,0.0,0.0,0.0,0.0,0.0,0.0,0.0,0.0,0.0
39480.0,0.0,0.0,0.0,0.0,0.0,0.0,0.0,0.0,0.0
39540.0,0.0,0.0,0.0,0.0,0.0,0.0,0.0,0.0,0.0
39600.0,0.0,0.0,0.0,0.0,0.0,0.0,0.0,0.0,0.0
39660.0,0.0,0.0,0.0,0.0,0.0,0.0,0.0,0.0,0.0
39720.0,0.0,0.0,0.0,0.0,0.0,0.0,0.0,0.0,0.0
39780.0,0.0,0.0,0.0,0.0,0.0,0.0,0.0,0.0,0.0
39840.0,0.0,0.0,0.0,0.0,0.0,0.0,0.0,0.0,0.0
39900.0,0.0,0.0,0.0,0.0,0.0,0.0,0.0,0.0,0.0
39960.0,0.0,0.0,0.0,0.0,0.0,0.0,0.0,0.0,0.0
40020.0,0.0,0.0,0.0,0.0,0.0,0.0,0.0,0.0,0.0
40080.0,0.0,0.0,0.0,0.0,0.0,0.0,0.0,0.0,0.0
40140.0,0.0,0.0,0.0,0.0,0.0,0.0,0.0,0.0,0.0
40200.0,0.0,0.0,0.0,0.0,0.0,0.0,0.0,0.0,0.0
40260.0,0.0,0.0,0.0,0.0,0.0,0.0,0.0,0.0,0.0
40320.0,0.0,0.0,0.0,0.0,0.0,0.0,0.0,0.0,0.0
40380.0,0.0,0.0,0.0,0.0,0.0,0.0,0.0,0.0,0.0
40440.0,0.0,0.0,0.0,0.0,0.0,0.0,0.0,0.0,0.0
40500.0,0.0,0.0,0.0,0.0,0.0,0.0,0.0,0.0,0.0
40560.0,0.0,0.0,0.0,0.0,0.0,0.0,0.0,0.0,0.0
40620.0,0.0,0.0,0.0,0.0,0.0,0.0,0.0,0.0,0.0
40680.0,0.0,0.0,0.0,0.0,0.0,0.0,0.0,0.0,0.0
40740.0,0.0,0.0,0.0,0.0,0.0,0.0,0.0,0.0,0.0
40800.0,0.0,0.0,0.0,0.0,0.0,0.0,0.0,0.0,0.0
40860.0,0.0,0.0,0.0,0.0,0.0,0.0,0.0,0.0,0.0
40920.0,0.0,0.0,0.0,0.0,0.0,0.0,0.0,0.0,0.0
40980.0,0.0,0.0,0.0,0.0,0.0,0.0,0.0,0.0,0.0
41040.0,0.0,0.0,0.0,0.0,0.0,0.0,0.0,0.0,0.0
41100.0,0.0,0.0,0.0,0.0,0.0,0.0,0.0,0.0,0.0
41160.0,0.0,0.0,0.0,0.0,0.0,0.0,0.0,0.0,0.0
41220.0,0.0,0.0,0.0,0.0,0.0,0.0,0.0,0.0,0.0
41280.0,0.0,0.0,0.0,0.0,0.0,0.0,0.0,0.0,0.0
41340.0,0.0,0.0,0.0,0.0,0.0,0.0,0.0,0.0,0.0
41400.0,0.0,0.0,0.0,0.0,0.0,0.0,0.0,0.0,0.0
41460.0,0.0,0.0,0.0,0.0,0.0,0.0,0.0,0.0,0.0
41520.0,0.0,0.0,0.0,0.0,0.0,0.0,0.0,0.0,0.0
41580.0,0.0,0.0,0.0,0.0,0.0,0.0,0.0,0.0,0.0
41640.0,0.0,0.0,0.0,0.0,0.0,0.0,0.0,0.0,0.0
41700.0,0.0,0.0,0.0,0.0,0.0,0.0,0.0,0.0,0.0
41760.0,0.0,0.0,0.0,0.0,0.0,0.0,0.0,0.0,0.0
41820.0,0.0,0.0,0.0,0.0,0.0,0.0,0.0,0.0,0.0
41880.0,0.0,0.0,0.0,0.0,0.0,0.0,0.0,0.0,0.0
41940.0,0.0,0.0,0.0,0.0,0.0,0.0,0.0,0.0,0.0
42000.0,0.0,0.0,0.0,0.0,0.0,0.0,0.0,0.0,0.0
42060.0,0.0,0.0,0.0,0.0,0.0,0.0,0.0,0.0,0.0
42120.0,0.0,0.0,0.0,0.0,0.0,0.0,0.0,0.0,0.0
42180.0,0.0,0.0,0.0,0.0,0.0,0.0,0.0,0.0,0.0
42240.0,0.0,0.0,0.0,0.0,0.0,0.0,0.0,0.0,0.0
42300.0,0.0,0.0,0.0,0.0,0.0,0.0,0.0,0.0,0.0
42360.0,0.0,0.0,0.0,0.0,0.0,0.0,0.0,0.0,0.0
42420.0,0.0,0.0,0.0,0.0,0.0,0.0,0.0,0.0,0.0
42480.0,0.0,0.0,0.0,0.0,0.0,0.0,0.0,0.0,0.0
42540.0,0.0,0.0,0.0,0.0,0.0,0.0,0.0,0.0,0.0
42600.0,0.0,0.0,0.0,0.0,0.0,0.0,0.0,0.0,0.0
42660.0,0.0,0.0,0.0,0.0,0.0,0.0,0.0,0.0,0.0
42720.0,0.0,0.0,0.0,0.0,0.0,0.0,0.0,0.0,0.0
42780.0,0.0,0.0,0.0,0.0,0.0,0.0,0.0,0.0,0.0
42840.0,0.0,0.0,0.0,0.0,0.0,0.0,0.0,0.0,0.0
42900.0,0.0,0.0,0.0,0.0,0.0,0.0,0.0,0.0,0.0
42960.0,0.0,0.0,0.0,0.0,0.0,0.0,0.0,0.0,0.0
43020.0,0.0,0.0,0.0,0.0,0.0,0.0,0.0,0.0,0.0
43080.0,0.0,0.0,0.0,0.0,0.0,0.0,0.0,0.0,0.0
43140.0,0.0,0.0,0.0,0.0,0.0,0.0,0.0,0.0,0.0
43200.0,0.0,0.0,0.0,0.0,0.0,0.0,0.0,0.0,0.0
43260.0,0.0,0.0,0.0,0.0,0.0,0.0,0.0,0.0,0.0
43320.0,0.0,0.0,0.0,0.0,0.0,0.0,0.0,0.0,0.0
43380.0,0.0,0.0,0.0,0.0,0.0,0.0,0.0,0.0,0.0
43440.0,0.0,0.0,0.0,0.0,0.0,0.0,0.0,0.0,0.0
43500.0,0.0,0.0,0.0,0.0,0.0,0.0,0.0,0.0,0.0
43560.0,0.0,0.0,0.0,0.0,0.0,0.0,0.0,0.0,0.0
43620.0,0.0,0.0,0.0,0.0,0.0,0.0,0.0,0.0,0.0
43680.0,0.0,0.0,0.0,0.0,0.0,0.0,0.0,0.0,0.0
43740.0,0.0,0.0,0.0,0.0,0.0,0.0,0.0,0.0,0.0
43800.0,0.0,0.0,0.0,0.0,0.0,0.0,0.0,0.0,0.0
43860.0,0.0,0.0,0.0,0.0,0.0,0.0,0.0,0.0,0.0
43920.0,0.0,0.0,0.0,0.0,0.0,0.0,0.0,0.0,0.0
43980.0,0.0,0.0,0.0,0.0,0.0,0.0,0.0,0.0,0.0
44040.0,0.0,0.0,0.0,0.0,0.0,0.0,0.0,0.0,0.0
44100.0,0.0,0.0,0.0,0.0,0.0,0.0,0.0,0.0,0.0
44160.0,0.0,0.0,0.0,0.0,0.0,0.0,0.0,0.0,0.0
44220.0,0.0,0.0,0.0,0.0,0.0,0.0,0.0,0.0,0.0
44280.0,0.0,0.0,0.0,0.0,0.0,0.0,0.0,0.0,0.0
44340.0,0.0,0.0,0.0,0.0,0.0,0.0,0.0,0.0,0.0
44400.0,0.0,0.0,0.0,0.0,0.0,0.0,0.0,0.0,0.0
44460.0,0.0,0.0,0.0,0.0,0.0,0.0,0.0,0.0,0.0
44520.0,0.0,0.0,0.0,0.0,0.0,0.0,0.0,0.0,0.0
44580.0,0.0,0.0,0.0,0.0,0.0,0.0,0.0,0.0,0.0
44640.0,0.0,0.0,0.0,0.0,0.0,0.0,0.0,0.0,0.0
44700.0,0.0,0.0,0.0,0.0,0.0,0.0,0.0,0.0,0.0
44760.0,0.0,0.0,0.0,0.0,0.0,0.0,0.0,0.0,0.0
44820.0,0.0,0.0,0.0,0.0,0.0,0.0,0.0,0.0,0.0
44880.0,0.0,0.0,0.0,0.0,0.0,0.0,0.0,0.0,0.0
44940.0,0.0,0.0,0.0,0.0,0.0,0.0,0.0,0.0,0.0
45000.0,0.0,0.0,0.0,0.0,0.0,0.0,0.0,0.0,0.0
45060.0,0.0,0.0,0.0,0.0,0.0,0.0,0.0,0.0,0.0
45120.0,0.0,0.0,0.0,0.0,0.0,0.0,0.0,0.0,0.0
45180.0,0.0,0.0,0.0,0.0,0.0,0.0,0.0,0.0,0.0
45240.0,0.0,0.0,0.0,0.0,0.0,0.0,0.0,0.0,0.0
45300.0,0.0,0.0,0.0,0.0,0.0,0.0,0.0,0.0,0.0
45360.0,0.0,0.0,0.0,0.0,0.0,0.0,0.0,0.0,0.0
45420.0,0.0,0.0,0.0,0.0,0.0,0.0,0.0,0.0,0.0
45480.0,0.0,0.0,0.0,0.0,0.0,0.0,0.0,0.0,0.0
45540.0,0.0,0.0,0.0,0.0,0.0,0.0,0.0,0.0,0.0
45600.0,0.0,0.0,0.0,0.0,0.0,0.0,0.0,0.0,0.0
45660.0,0.0,0.0,0.0,0.0,0.0,0.0,0.0,0.0,0.0
45720.0,0.0,0.0,0.0,0.0,0.0,0.0,0.0,0.0,0.0
45780.0,0.0,0.0,0.0,0.0,0.0,0.0,0.0,0.0,0.0
45840.0,0.0,0.0,0.0,0.0,0.0,0.0,0.0,0.0,0.0
45900.0,0.0,0.0,0.0,0.0,0.0,0.0,0.0,0.0,0.0
45960.0,0.0,0.0,0.0,0.0,0.0,0.0,0.0,0.0,0.0
46020.0,0.0,0.0,0.0,0.0,0.0,0.0,0.0,0.0,0.0
46080.0,0.0,0.0,0.0,0.0,0.0,0.0,0.0,0.0,0.0
46140.0,0.0,0.0,0.0,0.0,0.0,0.0,0.0,0.0,0.0
46200.0,0.0,0.0,0.0,0.0,0.0,0.0,0.0,0.0,0.0
46260.0,0.0,0.0,0.0,0.0,0.0,0.0,0.0,0.0,0.0
46320.0,0.0,0.0,0.0,0.0,0.0,0.0,0.0,0.0,0.0
46380.0,0.0,0.0,0.0,0.0,0.0,0.0,0.0,0.0,0.0
46440.0,0.0,0.0,0.0,0.0,0.0,0.0,0.0,0.0,0.0
46500.0,0.0,0.0,0.0,0.0,0.0,0.0,0.0,0.0,0.0
46560.0,0.0,0.0,0.0,0.0,0.0,0.0,0.0,0.0,0.0
46620.0,0.0,0.0,0.0,0.0,0.0,0.0,0.0,0.0,0.0
46680.0,0.0,0.0,0.0,0.0,0.0,0.0,0.0,0.0,0.0
46740.0,0.0,0.0,0.0,0.0,0.0,0.0,0.0,0.0,0.0
46800.0,0.0,0.0,0.0,0.0,0.0,0.0,0.0,0.0,0.0
46860.0,0.0,0.0,0.0,0.0,0.0,0.0,0.0,0.0,0.0
46920.0,0.0,0.0,0.0,0.0,0.0,0.0,0.0,0.0,0.0
46980.0,0.0,0.0,0.0,0.0,0.0,0.0,0.0,0.0,0.0
47040.0,0.0,0.0,0.0,0.0,0.0,0.0,0.0,0.0,0.0
47100.0,0.0,0.0,0.0,0.0,0.0,0.0,0.0,0.0,0.0
47160.0,0.0,0.0,0.0,0.0,0.0,0.0,0.0,0.0,0.0
47220.0,0.0,0.0,0.0,0.0,0.0,0.0,0.0,0.0,0.0
47280.0,0.0,0.0,0.0,0.0,0.0,0.0,0.0,0.0,0.0
47340.0,0.0,0.0,0.0,0.0,0.0,0.0,0.0,0.0,0.0
47400.0,0.0,0.0,0.0,0.0,0.0,0.0,0.0,0.0,0.0
47460.0,0.0,0.0,0.0,0.0,0.0,0.0,0.0,0.0,0.0
47520.0,0.0,0.0,0.0,0.0,0.0,0.0,0.0,0.0,0.0
47580.0,0.0,0.0,0.0,0.0,0.0,0.0,0.0,0.0,0.0
47640.0,0.0,0.0,0.0,0.0,0.0,0.0,0.0,0.0,0.0
47700.0,0.0,0.0,0.0,0.0,0.0,0.0,0.0,0.0,0.0
47760.0,0.0,0.0,0.0,0.0,0.0,0.0,0.0,0.0,0.0
47820.0,0.0,0.0,0.0,0.0,0.0,0.0,0.0,0.0,0.0
47880.0,0.0,0.0,0.0,0.0,0.0,0.0,0.0,0.0,0.0
47940.0,0.0,0.0,0.0,0.0,0.0,0.0,0.0,0.0,0.0
48000.0,0.0,0.0,0.0,0.0,0.0,0.0,0.0,0.0,0.0
