case_id,depth_file,velocity_file,h_peak_ext,h_peak_int,dur_h010cm_min,dur_h020cm_min,dur_h030cm_min,dur_h040cm_min,dur_h050cm_min,dur_h060cm_min,dur_h070cm_min,dur_h080cm_min,dur_h090cm_min,dur_h100cm_min,dur_h110cm_min,dur_h120cm_min,dur_h130cm_min,dur_h140cm_min,dur_h150cm_min
1,depth_001.csv,velocity_001.csv,0.7257,0.7392,761.0,550.0,419.0,320.0,236.0,158.0,72.0,0.0,0.0,0.0,0.0,0.0,0.0,0.0,0.0
2,depth_002.csv,velocity_002.csv,0.4505,0.4537,524.0,359.0,242.0,128.0,0.0,0.0,0.0,0.0,0.0,0.0,0.0,0.0,0.0,0.0,0.0
3,depth_003.csv,velocity_003.csv,0.813,0.8179,19460.0,14567.0,11507.0,9174.0,7211.0,5408.0,3594.0,1233.0,0.0,0.0,0.0,0.0,0.0,0.0,0.0
4,depth_004.csv,velocity_004.csv,1.5156,1.2275,66.0,56.0,48.0,42.0,37.0,32.0,27.0,23.0,18.0,14.0,9.0,3.0,0.0,0.0,0.0
5,depth_005.csv,velocity_005.csv,0.419,0.4432,1278.0,858.0,562.0,272.0,0.0,0.0,0.0,0.0,0.0,0.0,0.0,0.0,0.0,0.0,0.0
6,depth_006.csv,velocity_006.csv,0.4189,0.4215,1545.0,1033.0,656.0,243.0,0.0,0.0,0.0,0.0,0.0,0.0,0.0,0.0,0.0,0.0,0.0
7,depth_007.csv,velocity_007.csv,1.6335,1.6766,170.0,144.0,127.0,114.0,104.0,95.0,88.0,80.0,73.0,66.0,59.0,52.0,45.0,38.0,30.0
8,depth_008.csv,velocity_008.csv,0.887,0.9615,580.0,436.0,347.0,283.0,231.0,184.0,142.0,101.0,56.0,0.0,0.0,0.0,0.0,0.0,0.0
9,depth_009.csv,velocity_009.csv,0.3518,0.3626,46.0,30.0,15.0,0.0,0.0,0.0,0.0,0.0,0.0,0.0,0.0,0.0,0.0,0.0,0.0
10,depth_010.csv,velocity_010.csv,0.7502,0.7578,855.0,632.0,492.0,385.0,293.0,207.0,113.0,0.0,0.0,0.0,0.0,0.0,0.0,0.0,0.0
11,depth_011.csv,velocity_011.csv,0.353,0.3699,2100.0,1281.0,669.0,0.0,0.0,0.0,0.0,0.0,0.0,0.0,0.0,0.0,0.0,0.0,0.0
12,depth_012.csv,velocity_012.csv,0.3515,0.3555,58.0,39.0,21.0,0.0,0.0,0.0,0.0,0.0,0.0,0.0,0.0,0.0,0.0,0.0,0.0
13,depth_013.csv,velocity_013.csv,0.5987,0.6032,706.0,510.0,383.0,279.0,179.0,20.0,0.0,0.0,0.0,0.0,0.0,0.0,0.0,0.0,0.0
14,depth_014.csv,velocity_014.csv,0.119,0.122,490.0,0.0,0.0,0.0,0.0,0.0,0.0,0.0,0.0,0.0,0.0,0.0,0.0,0.0,0.0
15,depth_015.csv,velocity_015.csv,0.137,0.1389,764.0,0.0,0.0,0.0,0.0,0.0,0.0,0.0,0.0,0.0,0.0,0.0,0.0,0.0,0.0
16,depth_016.csv,velocity_016.csv,0.328,0.3468,644.0,404.0,209.0,0.0,0.0,0.0,0.0,0.0,0.0,0.0,0.0,0.0,0.0,0.0,0.0
17,depth_017.csv,velocity_017.csv,0.234,0.2488,1630.0,627.0,0.0,0.0,0.0,0.0,0.0,0.0,0.0,0.0,0.0,0.0,0.0,0.0,0.0
18,depth_018.csv,velocity_018.csv,0.6328,0.6808,4635.0,3464.0,2707.0,2107.0,1572.0,1024.0,0.0,0.0,0.0,0.0,0.0,0.0,0.0,0.0,0.0
19,depth_019.csv,velocity_019.csv,0.253,0.2719,1775.0,802.0,0.0,0.0,0.0,0.0,0.0,0.0,0.0,0.0,0.0,0.0,0.0,0.0,0.0
20,depth_020.csv,velocity_020.csv,0.1729,0.1766,78.0,0.0,0.0,0.0,0.0,0.0,0.0,0.0,0.0,0.0,0.0,0.0,0.0,0.0,0.0
21,depth_021.csv,velocity_021.csv,1.5007,1.2641,67.0,57.0,49.0,43.0,38.0,33.0,29.0,24.0,20.0,15.0,10.0,5.0,0.0,0.0,0.0
22,depth_022.csv,velocity_022.csv,0.4214,0.4285,129.0,90.0,61.0,29.0,0.0,0.0,0.0,0.0,0.0,0.0,0.0,0.0,0.0,0.0,0.0
23,depth_023.csv,velocity_023.csv,0.5193,0.5173,64.0,47.0,33.0,20.0,7.0,0.0,0.0,0.0,0.0,0.0,0.0,0.0,0.0,0.0,0.0
24,depth_024.csv,velocity_024.csv,0.172,0.1747,9475.0,0.0,0.0,0.0,0.0,0.0,0.0,0.0,0.0,0.0,0.0,0.0,0.0,0.0,0.0
25,depth_025.csv,velocity_025.csv,0.3319,0.339,3415.0,1976.0,882.0,0.0,0.0,0.0,0.0,0.0,0.0,0.0,0.0,0.0,0.0,0.0,0.0
26,depth_026.csv,velocity_026.csv,0.543,0.6036,1565.0,1136.0,854.0,622.0,398.0,52.0,0.0,0.0,0.0,0.0,0.0,0.0,0.0,0.0,0.0
27,depth_027.csv,velocity_027.csv,0.211,0.2137,2802.0,548.0,0.0,0.0,0.0,0.0,0.0,0.0,0.0,0.0,0.0,0.0,0.0,0.0,0.0
28,depth_028.csv,velocity_028.csv,0.6625,0.6668,226.0,177.0,143.0,114.0,88.0,55.0,0.0,0.0,0.0,0.0,0.0,0.0,0.0,0.0,0.0
29,depth_029.csv,velocity_029.csv,0.319,0.3207,8246.0,4361.0,1288.0,0.0,0.0,0.0,0.0,0.0,0.0,0.0,0.0,0.0,0.0,0.0,0.0
30,depth_030.csv,velocity_030.csv,0.402,0.4044,218.0,151.0,98.0,19.0,0.0,0.0,0.0,0.0,0.0,0.0,0.0,0.0,0.0,0.0,0.0
31,depth_031.csv,velocity_031.csv,0.3178,0.3188,206.0,130.0,49.0,0.0,0.0,0.0,0.0,0.0,0.0,0.0,0.0,0.0,0.0,0.0,0.0
32,depth_032.csv,velocity_032.csv,2.0059,2.1794,955.0,778.0,672.0,595.0,536.0,487.0,443.0,405.0,371.0,339.0,310.0,284.0,259.0,235.0,211.0
33,depth_033.csv,velocity_033.csv,0.495,0.5294,807.0,539.0,369.0,232.0,92.0,0.0,0.0,0.0,0.0,0.0,0.0,0.0,0.0,0.0,0.0
34,depth_034.csv,velocity_034.csv,0.226,0.2422,1414.0,550.0,0.0,0.0,0.0,0.0,0.0,0.0,0.0,0.0,0.0,0.0,0.0,0.0,0.0
35,depth_035.csv,velocity_035.csv,0.9251,0.9982,436.0,347.0,291.0,246.0,210.0,177.0,146.0,114.0,79.0,0.0,0.0,0.0,0.0,0.0,0.0
36,depth_036.csv,velocity_036.csv,0.2,0.2014,1219.0,68.0,0.0,0.0,0.0,0.0,0.0,0.0,0.0,0.0,0.0,0.0,0.0,0.0,0.0
37,depth_037.csv,velocity_037.csv,0.5846,0.595,3686.0,2545.0,1822.0,1254.0,741.0,0.0,0.0,0.0,0.0,0.0,0.0,0.0,0.0,0.0,0.0
38,depth_038.csv,velocity_038.csv,0.115,0.1222,205.0,0.0,0.0,0.0,0.0,0.0,0.0,0.0,0.0,0.0,0.0,0.0,0.0,0.0,0.0
39,depth_039.csv,velocity_039.csv,0.185,0.1875,2109.0,0.0,0.0,0.0,0.0,0.0,0.0,0.0,0.0,0.0,0.0,0.0,0.0,0.0,0.0
40,depth_040.csv,velocity_040.csv,0.579,0.5879,78.0,60.0,45.0,32.0,20.0,0.0,0.0,0.0,0.0,0.0,0.0,0.0,0.0,0.0,0.0
41,depth_041.csv,velocity_041.csv,0.87,0.9078,317.0,253.0,211.0,178.0,151.0,124.0,98.0,68.0,20.0,0.0,0.0,0.0,0.0,0.0,0.0
42,depth_042.csv,velocity_042.csv,0.5688,0.5716,156.0,117.0,90.0,66.0,41.0,0.0,0.0,0.0,0.0,0.0,0.0,0.0,0.0,0.0,0.0
43,depth_043.csv,velocity_043.csv,0.4577,0.4385,47.0,32.0,20.0,7.0,0.0,0.0,0.0,0.0,0.0,0.0,0.0,0.0,0.0,0.0,0.0
44,depth_044.csv,velocity_044.csv,0.3984,0.4099,419.0,290.0,189.0,52.0,0.0,0.0,0.0,0.0,0.0,0.0,0.0,0.0,0.0,0.0,0.0
45,depth_045.csv,velocity_045.csv,0.1645,0.1671,31.0,0.0,0.0,0.0,0.0,0.0,0.0,0.0,0.0,0.0,0.0,0.0,0.0,0.0,0.0
46,depth_046.csv,velocity_046.csv,0.2909,0.3177,374.0,219.0,71.0,0.0,0.0,0.0,0.0,0.0,0.0,0.0,0.0,0.0,0.0,0.0,0.0
47,depth_047.csv,velocity_047.csv,0.354,0.3734,824.0,496.0,267.0,0.0,0.0,0.0,0.0,0.0,0.0,0.0,0.0,0.0,0.0,0.0,0.0
48,depth_048.csv,velocity_048.csv,1.105,1.1343,1806.0,1417.0,1176.0,996.0,849.0,723.0,609.0,501.0,396.0,286.0,156.0,0.0,0.0,0.0,0.0
49,depth_049.csv,velocity_049.csv,0.647,0.6636,72.0,55.0,42.0,31.0,22.0,11.0,0.0,0.0,0.0,0.0,0.0,0.0,0.0,0.0,0.0
50,depth_050.csv,velocity_050.csv,0.1325,0.1334,25.0,0.0,0.0,0.0,0.0,0.0,0.0,0.0,0.0,0.0,0.0,0.0,0.0,0.0,0.0
51,depth_051.csv,velocity_051.csv,0.638,0.645,6822.0,4809.0,3543.0,2562.0,1704.0,805.0,0.0,0.0,0.0,0.0,0.0,0.0,0.0,0.0,0.0
52,depth_052.csv,velocity_052.csv,0.375,0.3766,1766.0,1084.0,580.0,0.0,0.0,0.0,0.0,0.0,0.0,0.0,0.0,0.0,0.0,0.0,0.0
53,depth_053.csv,velocity_053.csv,0.3008,0.3146,76.0,45.0,13.0,0.0,0.0,0.0,0.0,0.0,0.0,0.0,0.0,0.0,0.0,0.0,0.0
54,depth_054.csv,velocity_054.csv,0.7909,0.8006,914.0,689.0,546.0,436.0,342.0,255.0,163.0,7.0,0.0,0.0,0.0,0.0,0.0,0.0,0.0
55,depth_055.csv,velocity_055.csv,1.0812,1.126,119.0,99.0,86.0,76.0,67.0,58.0,50.0,42.0,35.0,24.0,11.0,0.0,0.0,0.0,0.0
56,depth_056.csv,velocity_056.csv,1.003,0.9509,73.0,60.0,51.0,41.0,34.0,28.0,21.0,15.0,7.0,0.0,0.0,0.0,0.0,0.0,0.0
57,depth_057.csv,velocity_057.csv,0.2654,0.2687,273.0,125.0,0.0,0.0,0.0,0.0,0.0,0.0,0.0,0.0,0.0,0.0,0.0,0.0,0.0
58,depth_058.csv,velocity_058.csv,0.397,0.3999,1827.0,1258.0,803.0,0.0,0.0,0.0,0.0,0.0,0.0,0.0,0.0,0.0,0.0,0.0,0.0
59,depth_059.csv,velocity_059.csv,0.6405,0.6697,199.0,153.0,122.0,96.0,72.0,45.0,0.0,0.0,0.0,0.0,0.0,0.0,0.0,0.0,0.0
60,depth_060.csv,velocity_060.csv,1.0384,1.0875,475.0,387.0,331.0,286.0,250.0,218.0,186.0,156.0,123.0,83.0,0.0,0.0,0.0,0.0,0.0
61,depth_061.csv,velocity_061.csv,0.349,0.3634,155.0,105.0,61.0,0.0,0.0,0.0,0.0,0.0,0.0,0.0,0.0,0.0,0.0,0.0,0.0
62,depth_062.csv,velocity_062.csv,0.4348,0.4436,183.0,129.0,89.0,46.0,0.0,0.0,0.0,0.0,0.0,0.0,0.0,0.0,0.0,0.0,0.0
63,depth_063.csv,velocity_063.csv,0.2166,0.222,34.0,9.0,0.0,0.0,0.0,0.0,0.0,0.0,0.0,0.0,0.0,0.0,0.0,0.0,0.0
64,depth_064.csv,velocity_064.csv,0.2036,0.2088,410.0,83.0,0.0,0.0,0.0,0.0,0.0,0.0,0.0,0.0,0.0,0.0,0.0,0.0,0.0
65,depth_065.csv,velocity_065.csv,0.92,0.9294,10253.0,7882.0,6394.0,5264.0,4322.0,3480.0,2683.0,1864.0,853.0,0.0,0.0,0.0,0.0,0.0,0.0
66,depth_066.csv,velocity_066.csv,1.383,1.4422,289.0,244.0,215.0,193.0,175.0,160.0,146.0,132.0,119.0,107.0,94.0,79.0,63.0,41.0,0.0
67,depth_067.csv,velocity_067.csv,0.4739,0.4955,482.0,328.0,227.0,141.0,0.0,0.0,0.0,0.0,0.0,0.0,0.0,0.0,0.0,0.0,0.0
68,depth_068.csv,velocity_068.csv,1.0608,1.0762,1433.0,1128.0,940.0,798.0,680.0,577.0,481.0,387.0,292.0,181.0,0.0,0.0,0.0,0.0,0.0
69,depth_069.csv,velocity_069.csv,0.6559,0.6694,7573.0,5364.0,3980.0,2916.0,1998.0,1087.0,0.0,0.0,0.0,0.0,0.0,0.0,0.0,0.0,0.0
70,depth_070.csv,velocity_070.csv,0.3027,0.3174,46.0,28.0,9.0,0.0,0.0,0.0,0.0,0.0,0.0,0.0,0.0,0.0,0.0,0.0,0.0
71,depth_071.csv,velocity_071.csv,0.6558,0.6611,335.0,258.0,206.0,162.0,120.0,71.0,0.0,0.0,0.0,0.0,0.0,0.0,0.0,0.0,0.0
72,depth_072.csv,velocity_072.csv,1.5845,1.6644,8950.0,7166.0,6088.0,5300.0,4674.0,4147.0,3689.0,3279.0,2906.0,2558.0,2228.0,1911.0,1600.0,1283.0,947.0
73,depth_073.csv,velocity_073.csv,0.487,0.5058,1892.0,1299.0,900.0,555.0,99.0,0.0,0.0,0.0,0.0,0.0,0.0,0.0,0.0,0.0,0.0
74,depth_074.csv,velocity_074.csv,1.617,1.701,16775.0,13618.0,11704.0,10300.0,9177.0,8227.0,7397.0,6648.0,5960.0,5316.0,4702.0,4104.0,3513.0,2909.0,2268.0
75,depth_075.csv,velocity_075.csv,0.07,0.0719,0.0,0.0,0.0,0.0,0.0,0.0,0.0,0.0,0.0,0.0,0.0,0.0,0.0,0.0,0.0
76,depth_076.csv,velocity_076.csv,0.9253,0.9432,9855.0,7225.0,5638.0,4473.0,3539.0,2739.0,2020.0,1338.0,604.0,0.0,0.0,0.0,0.0,0.0,0.0
77,depth_077.csv,velocity_077.csv,0.5334,0.5337,59.0,43.0,31.0,19.0,6.0,0.0,0.0,0.0,0.0,0.0,0.0,0.0,0.0,0.0,0.0
78,depth_078.csv,velocity_078.csv,0.4,0.4186,969.0,653.0,420.0,156.0,0.0,0.0,0.0,0.0,0.0,0.0,0.0,0.0,0.0,0.0,0.0
79,depth_079.csv,velocity_079.csv,0.536,0.5818,12147.0,8211.0,5761.0,3870.0,2180.0,0.0,0.0,0.0,0.0,0.0,0.0,0.0,0.0,0.0,0.0
80,depth_080.csv,velocity_080.csv,0.113,0.1142,395.0,0.0,0.0,0.0,0.0,0.0,0.0,0.0,0.0,0.0,0.0,0.0,0.0,0.0,0.0
81,depth_081.csv,velocity_081.csv,0.4237,0.44,1285.0,822.0,508.0,218.0,0.0,0.0,0.0,0.0,0.0,0.0,0.0,0.0,0.0,0.0,0.0
82,depth_082.csv,velocity_082.csv,0.6517,0.6919,84.0,68.0,55.0,43.0,33.0,22.0,0.0,0.0,0.0,0.0,0.0,0.0,0.0,0.0,0.0
83,depth_083.csv,velocity_083.csv,1.5148,1.6032,211.0,180.0,161.0,146.0,134.0,124.0,114.0,105.0,96.0,87.0,78.0,69.0,60.0,49.0,35.0
84,depth_084.csv,velocity_084.csv,0.339,0.342,6944.0,3793.0,1496.0,0.0,0.0,0.0,0.0,0.0,0.0,0.0,0.0,0.0,0.0,0.0,0.0
85,depth_085.csv,velocity_085.csv,0.2729,0.2891,4254.0,2030.0,0.0,0.0,0.0,0.0,0.0,0.0,0.0,0.0,0.0,0.0,0.0,0.0,0.0
86,depth_086.csv,velocity_086.csv,0.3412,0.3463,71.0,44.0,21.0,0.0,0.0,0.0,0.0,0.0,0.0,0.0,0.0,0.0,0.0,0.0,0.0
87,depth_087.csv,velocity_087.csv,0.9925,1.0426,629.0,493.0,407.0,342.0,290.0,243.0,200.0,158.0,114.0,57.0,0.0,0.0,0.0,0.0,0.0
88,depth_088.csv,velocity_088.csv,0.64,0.704,1065.0,793.0,619.0,481.0,359.0,235.0,32.0,0.0,0.0,0.0,0.0,0.0,0.0,0.0,0.0
89,depth_089.csv,velocity_089.csv,0.3344,0.3608,89.0,58.0,32.0,0.0,0.0,0.0,0.0,0.0,0.0,0.0,0.0,0.0,0.0,0.0,0.0
90,depth_090.csv,velocity_090.csv,0.7349,0.7885,1663.0,1263.0,1007.0,809.0,637.0,475.0,302.0,0.0,0.0,0.0,0.0,0.0,0.0,0.0,0.0
91,depth_091.csv,velocity_091.csv,0.5379,0.5748,13806.0,9353.0,6572.0,4410.0,2462.0,0.0,0.0,0.0,0.0,0.0,0.0,0.0,0.0,0.0,0.0
92,depth_092.csv,velocity_092.csv,1.0338,1.0395,153.0,122.0,103.0,89.0,77.0,66.0,56.0,46.0,34.0,19.0,0.0,0.0,0.0,0.0,0.0
93,depth_093.csv,velocity_093.csv,0.2948,0.3049,91.0,54.0,11.0,0.0,0.0,0.0,0.0,0.0,0.0,0.0,0.0,0.0,0.0,0.0,0.0
94,depth_094.csv,velocity_094.csv,0.3901,0.3912,103.0,70.0,43.0,0.0,0.0,0.0,0.0,0.0,0.0,0.0,0.0,0.0,0.0,0.0,0.0
95,depth_095.csv,velocity_095.csv,0.372,0.3835,136.0,87.0,51.0,0.0,0.0,0.0,0.0,0.0,0.0,0.0,0.0,0.0,0.0,0.0,0.0
96,depth_096.csv,velocity_096.csv,0.1668,0.1695,123.0,0.0,0.0,0.0,0.0,0.0,0.0,0.0,0.0,0.0,0.0,0.0,0.0,0.0,0.0
97,depth_097.csv,velocity_097.csv,0.624,0.6537,9616.0,6631.0,4798.0,3420.0,2255.0,1123.0,0.0,0.0,0.0,0.0,0.0,0.0,0.0,0.0,0.0
98,depth_098.csv,velocity_098.csv,0.6077,0.6457,86.0,66.0,52.0,38.0,27.0,13.0,0.0,0.0,0.0,0.0,0.0,0.0,0.0,0.0,0.0
99,depth_099.csv,velocity_099.csv,0.5017,0.5122,282.0,198.0,141.0,92.0,33.0,0.0,0.0,0.0,0.0,0.0,0.0,0.0,0.0,0.0,0.0
100,depth_100.csv,velocity_100.csv,0.419,0.452,11368.0,7172.0,4445.0,2075.0,0.0,0.0,0.0,0.0,0.0,0.0,0.0,0.0,0.0,0.0,0.0
